Edad,Experiencia_Anios,Horas_Trabajo_Semanal,Nivel_Educacion,Num_Proyectos,Certificaciones,Genero,Ciudad,Salario
56,0,37.3,3,12,8,F,Medellín,7985.65
69,9,32.9,2,12,5,M,Medellín,8163.18
46,35,49.3,2,23,3,M,Cali,10424.51
32,8,42.6,4,23,4,F,Cali,9633.28
60,31,28.5,2,13,6,M,Cali,9049.57
25,31,45.5,2,11,9,F,Cali,8822.72
38,5,43.9,2,20,3,M,Barranquilla,6474.52
56,37,37.4,3,12,7,F,Bogotá,10734.98
36,16,53.0,2,17,2,M,Bogotá,7030.34
40,9,35.1,4,12,1,M,Barranquilla,8548.53
28,26,38.6,1,3,0,M,Barranquilla,5374.25
28,34,46.1,2,22,5,F,Cali,8676.29
41,20,40.6,3,21,1,M,Medellín,8045.66
53,24,28.9,2,9,7,F,Bogotá,8766.53
57,27,41.5,3,22,9,M,Barranquilla,12169.38
41,14,36.7,2,4,3,M,Medellín,6558.64
20,3,46.9,1,17,8,F,Cali,6425.63
39,28,41.2,1,7,3,F,Barranquilla,6816.02
19,8,40.8,4,13,3,F,Bogotá,6836.33
41,26,31.6,3,1,7,M,Bogotá,8552.31
61,25,38.2,4,7,7,F,Bogotá,9931.04
47,18,47.8,2,15,4,F,Barranquilla,8074.08
55,27,33.8,3,6,2,F,Bogotá,7634.43
19,16,39.7,3,2,1,M,Cali,5372.15
38,19,32.5,4,3,8,F,Bogotá,8424.29
50,39,30.5,3,6,8,F,Cali,11220.16
29,38,39.3,3,3,4,M,Bogotá,8663.78
39,22,41.4,1,8,7,F,Cali,7446.72
61,31,56.0,3,22,6,M,Barranquilla,11353.37
42,32,36.4,3,16,2,F,Cali,10837.52
66,4,39.6,4,16,4,F,Barranquilla,9443.78
44,33,30.0,2,19,8,F,Medellín,11352.97
59,39,44.9,2,13,3,F,Cali,10526.41
45,10,43.2,2,13,2,M,Barranquilla,6993.05
33,2,51.9,2,24,6,M,Medellín,9301.73
32,32,48.9,1,12,7,M,Bogotá,7759.25
64,10,42.8,4,3,4,M,Medellín,8942.75
68,15,36.2,3,12,7,M,Cali,9876.71
61,17,41.6,4,20,4,M,Medellín,10597.72
69,29,39.1,4,16,8,F,Bogotá,11045.91
20,9,47.6,2,14,6,F,Medellín,8058.77
54,17,46.6,3,17,4,F,Cali,10165.04
68,37,37.6,1,10,8,M,Cali,9460.47
24,18,28.3,4,3,4,F,Barranquilla,6585.32
38,35,50.7,2,19,7,M,Bogotá,9863.61
26,12,44.7,2,10,3,M,Bogotá,7018.89
56,2,37.4,2,9,8,F,Medellín,7222.47
35,9,44.3,3,21,5,F,Bogotá,10477.49
21,37,40.6,2,12,5,M,Cali,7806.73
42,0,50.5,2,21,2,M,Medellín,6531.0
31,26,24.6,4,7,2,M,Barranquilla,7973.62
67,7,36.8,4,12,3,F,Medellín,8859.01
26,16,52.8,2,8,0,M,Medellín,6677.8
43,8,44.5,3,0,5,M,Barranquilla,6450.1
19,5,54.2,4,0,0,F,Medellín,5469.91
37,24,30.2,1,14,3,M,Bogotá,7672.75
45,38,48.6,4,21,6,F,Medellín,12953.49
64,27,48.1,2,3,5,M,Medellín,7896.5
24,32,26.5,3,19,7,F,Medellín,9883.11
61,36,37.6,3,0,3,M,Cali,9120.55
25,8,39.1,3,24,8,F,Cali,10589.37
64,17,27.0,4,11,9,M,Bogotá,9477.6
52,20,37.8,1,10,7,M,Barranquilla,8259.95
31,1,47.0,2,18,4,F,Cali,6717.26
34,37,36.9,3,14,5,F,Cali,10487.31
53,39,41.9,4,20,4,M,Bogotá,10460.48
67,35,42.0,2,9,5,M,Bogotá,9408.42
57,36,39.9,4,0,0,M,Barranquilla,7944.13
21,14,34.4,2,23,3,M,Medellín,7747.12
19,27,45.3,2,2,8,M,Medellín,5623.39
23,17,27.3,4,13,3,M,Barranquilla,9624.06
59,33,40.1,1,14,1,M,Barranquilla,6601.14
21,21,51.1,3,0,5,F,Barranquilla,7352.47
46,10,36.4,1,9,1,M,Bogotá,4740.86
35,12,34.2,2,21,2,F,Medellín,6772.23
43,3,45.8,3,0,6,M,Barranquilla,6312.42
61,21,41.3,3,14,3,M,Barranquilla,9657.5
51,6,46.0,2,2,0,F,Medellín,4324.62
27,23,40.3,2,20,8,M,Medellín,8733.06
53,3,20.9,2,19,5,F,Bogotá,6622.58
31,27,49.4,3,22,8,M,Cali,11087.77
48,14,56.6,5,21,2,M,Cali,9251.24
65,0,50.3,4,11,4,M,Bogotá,9030.47
32,2,11.7,1,18,8,M,Bogotá,5972.47
25,13,43.6,1,15,5,F,Medellín,7552.44
31,37,36.3,4,7,1,F,Bogotá,10055.24
40,0,31.3,3,23,0,F,Bogotá,7284.56
57,37,41.0,3,13,8,M,Barranquilla,9727.71
38,37,38.8,4,17,0,F,Bogotá,10352.05
33,20,44.1,2,22,4,M,Bogotá,8829.45
62,28,40.5,3,0,0,F,Barranquilla,7364.19
35,4,31.0,5,1,4,M,Medellín,7848.84
64,9,35.4,3,23,4,F,Medellín,9452.26
41,27,34.1,2,11,6,F,Bogotá,9127.25
43,20,26.3,1,16,6,F,Bogotá,7659.86
42,6,29.0,2,1,9,F,Cali,6160.51
62,2,38.3,4,16,0,M,Barranquilla,8603.05
58,19,51.4,2,20,8,F,Cali,10350.06
46,18,35.7,1,6,0,F,Bogotá,6073.87
32,34,33.9,4,5,4,F,Cali,9729.39
62,3,30.5,2,5,6,F,Cali,7851.66
18,4,40.2,1,21,7,M,Medellín,6368.34
42,0,49.4,2,7,1,M,Barranquilla,4937.75
24,3,56.0,2,4,0,M,Medellín,5826.46
26,11,42.3,2,14,3,F,Medellín,8538.5
41,26,41.1,4,6,3,F,Cali,8331.94
18,22,35.7,4,2,9,M,Barranquilla,8502.57
61,24,37.0,3,24,5,M,Bogotá,11160.95
25,20,45.0,2,9,0,M,Barranquilla,6667.43
41,23,37.5,3,2,0,M,Medellín,6865.57
28,24,38.7,2,13,2,M,Cali,8752.39
68,31,39.8,1,21,4,F,Bogotá,8656.41
34,31,35.3,4,2,5,F,Medellín,8075.3
25,4,39.4,2,0,4,M,Cali,5346.99
52,35,23.8,2,0,4,F,Medellín,7360.02
52,38,44.4,3,18,8,F,Cali,11995.18
50,15,58.8,3,3,1,M,Barranquilla,7761.26
22,32,35.6,1,1,0,M,Medellín,7044.1
59,20,43.0,1,24,5,M,Barranquilla,9821.96
56,8,46.8,2,10,8,M,Barranquilla,9233.6
58,5,50.2,3,23,6,F,Cali,9676.49
45,34,37.9,2,11,7,F,Bogotá,9390.67
24,38,25.6,2,12,4,F,Barranquilla,7529.51
26,21,42.1,3,15,9,F,Medellín,8758.87
25,4,41.0,4,15,3,M,Medellín,7463.77
29,22,37.2,2,18,5,F,Cali,8723.52
51,16,38.9,1,22,2,M,Barranquilla,8362.05
50,11,41.1,3,19,0,F,Bogotá,9495.69
65,22,42.9,3,20,3,F,Bogotá,10629.4
40,15,42.6,1,19,8,M,Medellín,9362.57
41,2,38.3,2,8,3,M,Cali,7281.88
54,29,43.1,1,15,0,M,Barranquilla,7831.34
52,21,37.7,1,6,3,F,Medellín,6458.37
61,8,45.1,3,12,6,M,Cali,9459.46
57,28,35.0,2,3,2,F,Bogotá,7838.67
39,36,40.6,4,12,9,F,Medellín,11168.52
44,22,27.0,3,7,5,M,Cali,8056.55
52,12,37.0,3,1,0,F,Bogotá,5797.42
18,31,44.5,2,6,3,M,Cali,7336.7
52,22,31.7,3,10,2,M,Medellín,8133.27
54,16,37.4,1,16,0,F,Barranquilla,6873.04
64,39,20.8,4,23,2,F,Cali,12136.33
31,20,29.1,5,13,3,F,Barranquilla,9568.73
20,1,31.1,2,12,4,M,Medellín,5334.75
18,36,40.8,1,14,5,M,Bogotá,9344.1
22,5,42.7,1,21,1,M,Cali,5293.4
43,17,39.6,3,20,1,F,Bogotá,9032.01
31,29,36.9,3,24,5,M,Barranquilla,10971.5
56,21,37.0,4,8,4,F,Barranquilla,8828.02
44,32,45.7,4,2,0,M,Bogotá,8131.41
26,29,41.7,2,24,2,M,Medellín,9188.72
32,16,37.3,3,12,4,F,Barranquilla,7473.38
32,31,50.3,3,12,1,F,Medellín,8674.9
43,13,55.6,3,8,0,F,Bogotá,6471.96
59,9,30.0,3,17,8,M,Medellín,10196.63
30,35,44.2,3,4,4,F,Barranquilla,6810.97
68,33,64.7,3,10,1,F,Bogotá,9602.84
49,8,42.2,3,1,9,F,Medellín,5897.39
56,27,40.9,3,16,3,F,Medellín,8842.42
66,10,39.6,3,22,2,M,Cali,8622.55
69,13,43.9,3,19,6,M,Barranquilla,10975.17
49,38,46.0,3,20,0,F,Cali,11277.94
21,18,30.0,3,3,9,F,Medellín,7633.15
47,14,39.8,2,21,3,M,Barranquilla,8563.09
54,27,21.8,2,17,6,F,Bogotá,10406.99
40,23,38.3,1,23,9,F,Bogotá,10879.58
56,7,32.8,3,19,4,F,Bogotá,8072.16
62,8,42.7,3,7,3,M,Medellín,7808.71
32,32,26.7,5,18,3,M,Medellín,9755.34
60,32,35.9,2,11,1,M,Bogotá,8306.93
46,18,47.7,2,10,7,F,Cali,8880.86
53,2,34.6,2,15,3,F,Cali,6377.84
30,9,24.8,1,4,1,F,Barranquilla,4238.01
49,39,42.1,4,2,8,M,Barranquilla,8989.51
24,0,35.3,2,11,9,M,Bogotá,7110.16
68,28,38.5,3,14,6,F,Medellín,9691.45
39,33,34.2,3,15,2,F,Medellín,8671.09
45,12,55.8,3,12,6,F,Barranquilla,9646.19
19,0,27.5,4,6,0,F,Bogotá,4557.63
59,33,62.7,2,14,0,F,Barranquilla,9837.49
62,28,36.9,2,2,3,M,Cali,8562.88
23,12,41.5,4,11,3,M,Bogotá,8311.34
45,28,35.4,4,7,3,M,Bogotá,8636.67
45,38,35.1,2,24,8,M,Bogotá,11329.74
61,23,33.7,1,11,5,F,Cali,7459.85
61,25,44.8,1,17,2,M,Bogotá,7227.79
37,16,28.7,2,2,5,M,Barranquilla,6993.28
47,6,42.9,5,11,1,F,Cali,8360.26
28,12,22.5,3,22,1,M,Medellín,8219.08
45,4,42.2,2,20,6,F,Barranquilla,5907.5
42,25,46.8,4,22,2,M,Barranquilla,10150.23
56,2,29.8,3,1,6,F,Barranquilla,6830.63
50,6,45.4,2,13,2,F,Cali,7900.24
18,38,40.4,4,13,1,F,Barranquilla,9595.13
44,0,52.8,4,3,3,M,Cali,6507.11
69,16,33.2,4,16,3,M,Bogotá,8979.93
30,24,62.5,3,14,2,F,Medellín,8990.34
58,2,20.9,4,15,8,M,Bogotá,8634.03
20,14,37.4,2,4,5,F,Barranquilla,5577.51
56,28,26.4,3,23,4,F,Cali,9670.06
23,31,54.8,5,16,5,F,Cali,10040.43
25,25,37.9,2,22,7,F,Bogotá,9993.44
44,15,38.6,4,6,4,F,Barranquilla,6788.7
26,24,43.5,3,22,3,F,Medellín,9227.21
54,27,40.0,1,14,6,F,Cali,10036.25
50,8,35.2,4,16,4,M,Cali,7490.71
68,0,29.9,2,11,3,M,Barranquilla,6927.91
59,28,41.3,3,10,4,M,Cali,9772.24
61,21,43.0,1,18,3,M,Barranquilla,8376.97
41,15,45.6,4,10,7,M,Barranquilla,9506.71
32,6,55.3,2,1,7,M,Medellín,5979.07
49,13,22.6,2,14,0,F,Barranquilla,7420.22
49,28,39.5,1,4,2,M,Bogotá,6083.03
41,18,49.5,4,17,3,F,Medellín,10858.74
58,18,39.0,3,20,1,M,Barranquilla,10224.8
69,1,21.3,3,20,4,F,Barranquilla,6540.73
66,14,29.7,3,15,7,M,Medellín,10353.44
66,2,42.6,3,3,1,M,Cali,5547.38
69,10,42.3,1,22,8,M,Medellín,10545.51
29,29,45.4,3,9,6,M,Cali,9813.1
56,39,33.8,2,21,5,M,Medellín,10177.27
19,17,42.1,5,1,7,F,Medellín,8446.57
20,1,32.4,4,14,1,F,Bogotá,5885.33
66,31,42.1,2,3,4,M,Medellín,8851.93
54,7,40.4,2,15,3,F,Bogotá,7452.83
66,21,33.4,4,6,7,F,Barranquilla,8867.41
34,5,52.5,1,24,0,F,Cali,5847.91
66,11,26.4,2,24,2,F,Cali,8890.06
19,39,38.9,2,11,9,M,Bogotá,10169.76
19,35,33.3,3,2,7,M,Cali,8288.22
45,14,54.7,4,16,4,F,Cali,8666.2
40,27,44.8,2,8,3,M,Medellín,7505.43
54,17,34.8,1,7,5,M,Bogotá,6195.02
49,1,37.8,3,22,4,M,Cali,8900.88
50,12,54.9,3,5,2,M,Barranquilla,5306.04
18,14,32.4,2,14,4,F,Bogotá,7797.38
36,19,25.9,2,9,3,F,Medellín,6927.75
19,28,42.3,4,22,0,F,Barranquilla,9906.81
61,28,42.5,5,24,0,M,Cali,11778.3
43,2,45.3,5,5,6,F,Cali,7808.33
49,18,45.4,4,14,3,F,Bogotá,8813.98
23,2,54.2,2,13,0,F,Cali,6492.91
49,13,26.3,2,18,5,F,Bogotá,6947.24
21,39,30.4,2,12,0,M,Cali,9082.43
28,3,45.3,2,13,7,F,Barranquilla,6180.84
34,10,31.2,5,2,8,M,Medellín,7697.51
55,30,28.3,4,3,2,M,Barranquilla,9604.55
41,31,54.9,3,13,6,F,Medellín,11872.07
22,26,27.0,2,13,4,M,Bogotá,8040.58
69,29,37.2,4,7,2,M,Cali,8259.32
51,1,39.5,4,9,4,F,Barranquilla,8010.64
23,8,50.5,2,8,9,F,Cali,7201.28
39,27,25.0,4,13,6,F,Bogotá,8920.37
28,30,43.3,2,7,6,F,Medellín,8464.84
65,33,32.9,1,10,8,F,Barranquilla,8510.71
33,14,45.0,3,9,7,M,Medellín,8256.04
50,24,32.7,3,17,3,F,Medellín,8564.31
26,35,52.6,1,3,4,M,Bogotá,5824.61
23,7,32.8,2,3,4,M,Medellín,3957.62
33,8,20.3,5,11,9,F,Bogotá,8403.42
46,36,33.7,3,17,1,M,Medellín,10176.99
20,38,37.9,3,7,6,M,Medellín,10151.76
37,31,48.7,2,2,6,F,Barranquilla,9217.55
53,16,29.9,1,17,8,F,Bogotá,7483.9
36,34,30.1,2,6,8,M,Cali,8711.87
43,36,47.7,2,0,3,M,Cali,7282.31
20,18,29.0,2,21,4,M,Cali,8109.94
36,28,38.6,2,12,6,M,Barranquilla,9987.37
37,6,38.7,3,2,9,M,Barranquilla,7154.42
49,27,41.7,2,2,6,F,Medellín,8644.71
24,8,34.0,4,14,9,F,Medellín,10499.18
69,27,32.6,2,20,7,F,Cali,9422.11
58,5,42.7,3,18,7,F,Medellín,8670.55
50,28,32.8,1,3,1,M,Medellín,6998.98
57,16,29.1,3,12,8,F,Barranquilla,9394.74
56,15,49.8,1,12,3,F,Cali,8225.93
35,22,43.9,5,14,0,M,Bogotá,8666.46
57,30,54.1,4,18,0,M,Cali,10461.3
18,2,46.3,3,15,4,M,Barranquilla,6299.52
28,20,29.9,1,6,6,F,Cali,7519.59
45,25,40.8,3,2,4,F,Bogotá,7810.67
42,35,31.9,4,19,2,M,Medellín,11631.52
67,36,26.8,2,1,6,M,Cali,9905.86
40,21,36.4,3,17,0,F,Barranquilla,7240.71
48,11,47.9,4,24,0,M,Barranquilla,10430.47
47,12,42.2,4,10,1,M,Cali,8412.87
59,10,28.9,4,0,0,M,Medellín,6083.25
52,15,36.1,4,15,8,F,Medellín,10614.48
24,7,38.9,4,16,3,F,Barranquilla,7357.19
33,39,26.5,2,15,6,F,Barranquilla,10931.34
43,39,45.7,3,9,4,M,Bogotá,9839.85
65,1,38.2,4,16,6,M,Medellín,9608.36
69,29,28.9,3,2,6,F,Cali,8413.82
66,29,28.4,5,17,0,M,Barranquilla,10661.37
19,11,48.8,1,18,0,M,Barranquilla,6955.76
18,9,37.0,2,13,2,F,Barranquilla,6431.2
65,10,49.5,2,20,9,M,Barranquilla,10316.62
29,14,52.6,2,24,1,M,Medellín,7606.2
22,15,48.2,2,1,6,M,Barranquilla,6536.63
54,16,35.7,3,11,2,M,Medellín,7281.83
49,25,20.0,1,10,6,F,Bogotá,7910.31
26,1,42.5,3,16,8,M,Bogotá,7493.15
58,11,56.7,3,5,0,F,Cali,6616.8
52,25,39.7,2,18,2,F,Barranquilla,7554.2
36,22,24.1,2,12,5,F,Cali,7982.67
65,17,34.6,3,6,8,F,Medellín,8737.98
33,31,38.5,4,21,4,M,Cali,9490.19
20,37,31.2,4,10,2,M,Cali,9301.01
37,2,19.5,4,6,7,F,Barranquilla,7658.32
41,37,39.2,5,12,4,F,Medellín,11065.22
50,2,33.7,3,12,5,F,Medellín,7984.05
41,29,54.2,4,20,1,F,Barranquilla,9836.41
69,0,40.8,4,0,3,M,Medellín,6266.77
28,29,43.8,4,18,0,F,Bogotá,9396.34
66,31,39.0,1,18,3,F,Barranquilla,9591.79
25,27,40.7,5,22,0,M,Barranquilla,8155.76
53,20,26.8,3,14,3,F,Barranquilla,7870.29
55,12,31.7,4,13,1,M,Bogotá,8872.38
57,26,48.7,1,2,5,M,Medellín,6849.63
37,35,41.7,2,20,5,M,Bogotá,10052.96
52,6,36.8,2,19,7,F,Bogotá,8470.3
65,21,43.9,2,3,8,M,Bogotá,7351.22
42,9,44.0,1,6,7,M,Cali,7814.13
52,38,55.9,4,0,0,F,Medellín,8653.45
42,14,41.3,1,22,2,F,Medellín,7144.33
46,14,31.5,2,23,5,F,Barranquilla,9521.27
35,3,39.1,2,18,0,F,Barranquilla,6124.12
63,31,44.9,3,2,7,M,Cali,9415.52
35,22,48.0,2,19,5,F,Bogotá,10262.08
19,5,27.1,2,14,0,M,Barranquilla,5028.55
52,23,42.0,3,12,9,M,Medellín,10924.23
33,19,32.8,3,21,1,F,Barranquilla,8283.24
58,36,35.5,1,13,5,F,Bogotá,9477.1
53,19,46.8,2,6,9,F,Cali,8809.5
50,11,46.0,2,0,7,F,Bogotá,6444.31
21,32,34.6,5,12,4,M,Barranquilla,9030.61
50,27,38.7,2,3,0,F,Cali,7213.04
31,7,35.7,3,11,9,M,Cali,8887.69
38,0,63.1,2,6,1,M,Bogotá,5817.95
65,36,42.2,3,1,3,F,Barranquilla,9336.34
37,21,33.3,1,16,3,F,Bogotá,7258.43
25,5,50.6,1,0,6,F,Barranquilla,5534.69
24,20,50.9,3,13,1,M,Barranquilla,8010.01
20,31,54.3,2,21,6,M,Medellín,10704.82
34,34,56.7,1,20,6,M,Cali,10099.44
50,14,45.7,3,0,6,F,Barranquilla,7732.91
65,4,37.2,5,2,2,F,Bogotá,6756.42
29,5,38.4,2,10,5,F,Bogotá,6957.29
68,24,37.7,3,6,5,F,Medellín,7897.79
39,39,36.8,5,24,3,F,Medellín,11859.27
39,28,49.9,4,8,0,F,Medellín,7865.62
63,6,40.0,3,21,8,F,Cali,12579.7
47,39,47.8,3,2,1,M,Medellín,8973.71
55,12,45.4,1,0,8,M,Cali,5748.95
55,37,31.2,3,18,7,M,Medellín,10268.82
62,17,26.3,2,1,0,M,Cali,4527.94
68,1,30.1,2,20,6,F,Barranquilla,7419.72
25,7,36.6,2,23,9,F,Medellín,8114.99
44,10,41.1,1,4,2,F,Cali,4616.22
44,32,34.8,3,16,9,M,Barranquilla,10528.29
51,37,45.6,3,18,9,F,Medellín,12546.6
38,26,35.8,3,4,8,M,Barranquilla,8487.7
47,19,42.1,1,22,4,M,Medellín,9336.82
50,11,40.9,1,20,2,M,Bogotá,6691.43
45,30,53.9,3,13,7,F,Cali,9987.46
64,26,32.2,5,9,2,F,Bogotá,8892.61
50,31,57.7,1,20,6,M,Cali,10549.68
22,9,35.2,2,6,6,M,Bogotá,6073.08
65,2,29.3,4,7,6,F,Medellín,9182.96
36,26,38.3,1,7,0,M,Bogotá,5858.16
21,34,65.9,4,6,4,F,Medellín,8421.82
52,30,47.2,3,12,0,M,Cali,9085.39
66,14,44.8,2,13,6,F,Medellín,8561.03
34,15,46.4,2,18,7,M,Bogotá,9208.01
61,12,33.8,2,10,6,F,Barranquilla,7842.66
45,34,42.6,2,1,0,M,Cali,6991.45
47,10,40.0,4,16,2,F,Barranquilla,7860.62
46,20,54.5,3,5,9,M,Barranquilla,8751.83
63,10,39.1,3,8,2,F,Barranquilla,6097.76
23,29,37.0,4,18,6,M,Barranquilla,11268.13
52,34,30.7,2,4,3,M,Barranquilla,9076.24
58,21,41.1,3,8,2,M,Bogotá,8856.5
54,37,42.3,3,24,5,M,Medellín,11458.23
41,30,30.4,4,6,9,M,Medellín,9398.39
46,13,43.6,2,3,5,M,Barranquilla,7103.28
66,23,41.9,3,17,9,F,Bogotá,10197.19
63,31,48.1,4,17,4,F,Barranquilla,12025.83
48,35,49.7,2,19,5,M,Barranquilla,8620.62
52,31,40.8,1,16,2,F,Cali,8350.45
50,14,31.7,3,3,9,M,Bogotá,7153.83
69,34,33.4,2,21,4,M,Barranquilla,11763.53
38,2,54.1,3,15,8,F,Medellín,9180.28
49,15,41.3,5,21,3,M,Cali,10616.0
40,4,54.0,3,22,1,M,Barranquilla,9502.5
50,20,44.0,3,4,4,F,Barranquilla,7798.01
20,9,46.0,3,8,2,M,Barranquilla,6775.01
35,18,47.5,1,1,2,M,Bogotá,4269.43
42,24,30.2,2,1,3,F,Barranquilla,6386.89
59,3,42.5,4,3,3,F,Medellín,6900.54
48,28,30.1,3,19,4,M,Cali,9238.13
20,18,37.7,1,19,6,M,Bogotá,8189.92
57,1,45.1,2,16,3,M,Cali,5626.51
63,9,31.8,3,19,6,M,Medellín,9652.11
41,24,44.5,4,20,8,M,Barranquilla,10764.8
67,19,28.0,4,24,2,M,Bogotá,9765.12
49,18,49.1,2,18,4,M,Barranquilla,9456.19
64,22,34.7,4,2,3,F,Bogotá,9391.57
39,23,31.8,3,4,8,M,Barranquilla,9085.45
40,10,28.5,3,9,4,M,Medellín,6458.35
19,33,35.4,3,5,9,F,Medellín,9580.52
44,27,24.7,1,2,1,M,Barranquilla,5865.74
59,4,35.6,5,16,9,M,Medellín,10952.55
19,4,48.8,1,9,0,F,Barranquilla,4783.89
43,20,38.5,2,23,6,M,Bogotá,8532.84
34,11,30.6,4,11,0,F,Medellín,6815.35
57,3,41.8,3,0,7,F,Bogotá,6031.78
50,19,41.1,4,17,8,F,Barranquilla,9904.72
26,37,55.7,3,18,6,F,Bogotá,10545.55
60,24,46.3,2,21,8,F,Cali,10953.87
65,13,42.4,4,19,9,F,Barranquilla,11607.44
56,10,47.2,1,3,5,F,Medellín,5847.66
46,31,38.9,4,14,6,M,Medellín,11563.64
59,10,39.4,2,8,2,F,Cali,5364.08
43,17,53.3,4,5,8,F,Barranquilla,8264.18
52,26,26.9,1,11,2,M,Barranquilla,9142.11
67,17,47.7,3,17,5,M,Barranquilla,8876.41
42,22,39.1,4,22,3,F,Barranquilla,11137.52
41,10,37.7,3,14,8,F,Bogotá,8649.72
30,20,35.6,3,18,0,F,Barranquilla,7987.31
24,4,41.2,4,8,8,F,Bogotá,8346.21
53,22,39.7,3,21,3,M,Bogotá,10436.63
62,24,36.7,4,23,9,M,Medellín,13147.5
37,9,34.4,2,12,4,F,Barranquilla,6703.36
18,21,24.8,2,15,0,M,Bogotá,6916.39
25,18,34.2,1,12,0,M,Barranquilla,5817.85
63,0,35.9,2,0,5,M,Cali,4723.99
33,6,41.2,1,17,9,M,Bogotá,7899.5
31,3,55.7,3,21,0,F,Medellín,7238.59
29,0,35.1,2,2,1,M,Barranquilla,2694.39
68,14,31.8,1,16,2,M,Medellín,8504.51
40,39,34.3,1,21,6,F,Bogotá,10472.98
32,11,41.2,4,4,1,M,Bogotá,5917.82
45,21,44.7,3,24,4,F,Medellín,10421.44
51,21,45.8,2,5,8,F,Barranquilla,7922.71
19,16,46.6,4,20,9,M,Bogotá,10315.2
49,28,47.8,1,16,7,M,Cali,10611.76
40,13,37.8,5,16,7,F,Medellín,10246.0
39,19,56.4,3,0,1,M,Bogotá,6151.35
68,32,37.2,2,6,0,F,Barranquilla,7213.24
42,14,40.9,3,21,8,F,Bogotá,9332.03
39,11,50.4,4,15,9,M,Barranquilla,10360.63
39,39,44.5,2,4,3,F,Barranquilla,8297.24
66,19,22.1,4,15,8,F,Bogotá,10849.3
69,29,40.0,2,3,6,M,Cali,8481.28
59,37,46.9,2,10,5,M,Barranquilla,9091.79
23,2,29.3,1,13,9,F,Medellín,7013.7
32,27,46.0,2,12,8,M,Barranquilla,8542.88
60,25,43.1,2,23,9,F,Barranquilla,10880.15
54,29,49.5,4,7,3,M,Cali,8373.37
50,12,34.5,1,20,0,F,Barranquilla,6379.34
25,12,48.0,2,19,4,M,Bogotá,8601.58
61,1,41.3,3,14,5,M,Cali,8742.79
61,36,54.1,4,17,5,M,Barranquilla,12629.68
22,37,62.3,5,6,0,M,Bogotá,10040.44
56,1,52.3,4,20,6,M,Bogotá,9081.27
21,35,43.8,5,18,7,F,Barranquilla,12074.31
23,25,58.6,4,24,4,F,Medellín,11476.31
62,10,44.8,5,8,1,M,Medellín,7483.93
49,7,32.7,3,10,1,F,Barranquilla,6830.52
69,39,39.7,1,9,4,M,Barranquilla,9218.43
47,21,46.1,2,13,6,F,Bogotá,7309.42
64,19,46.6,3,15,6,F,Barranquilla,10079.52
52,7,31.0,2,7,3,F,Barranquilla,5693.34
57,28,31.3,2,0,2,M,Bogotá,7875.48
69,39,37.3,3,11,8,M,Barranquilla,10714.62
33,25,44.3,4,2,6,F,Barranquilla,8692.79
30,29,45.3,1,1,1,F,Barranquilla,6159.24
67,16,41.1,4,15,0,F,Bogotá,7493.11
59,19,33.3,3,3,1,F,Barranquilla,6798.23
47,15,53.9,5,1,2,M,Medellín,7989.32
36,6,31.4,4,11,4,M,Barranquilla,8289.81
34,15,50.4,4,23,2,F,Medellín,9480.83
36,26,45.9,3,16,9,M,Barranquilla,11113.37
45,22,50.2,2,19,8,F,Bogotá,10447.89
43,23,36.4,3,20,9,M,Medellín,11117.65
54,8,38.9,4,9,3,F,Barranquilla,8245.92
43,34,40.4,4,19,6,M,Barranquilla,11161.34
40,19,36.2,4,7,3,F,Barranquilla,7211.68
26,36,41.8,2,17,2,M,Barranquilla,10352.8
29,16,52.6,3,24,9,F,Bogotá,11088.66
18,30,29.6,2,17,0,M,Cali,7779.22
18,7,34.7,1,17,8,F,Medellín,7664.23
64,14,33.9,2,1,0,F,Barranquilla,6166.41
51,30,39.2,1,11,0,M,Bogotá,6899.69
49,29,38.9,4,9,0,M,Cali,8438.24
65,19,46.2,2,7,4,M,Bogotá,9039.15
42,38,40.3,2,18,6,F,Barranquilla,10550.26
57,11,42.4,5,9,6,F,Cali,9521.19
62,16,43.2,2,10,9,F,Medellín,9985.69
18,29,42.0,1,13,0,M,Medellín,6953.35
33,28,45.6,2,14,5,F,Bogotá,8183.92
56,18,39.0,1,23,8,M,Medellín,9875.65
22,10,53.2,1,22,5,F,Medellín,7341.32
39,33,60.3,1,9,3,F,Cali,7086.24
46,6,45.6,3,3,9,F,Medellín,8116.44
20,33,41.8,2,6,8,M,Cali,8381.94
29,19,45.0,2,10,2,F,Cali,4631.79
43,37,31.2,4,23,9,F,Cali,12765.82
33,23,41.4,2,21,3,M,Medellín,9118.66
68,9,34.1,4,21,3,F,Bogotá,11112.13
54,31,44.1,3,2,3,M,Bogotá,8328.17
39,14,34.2,2,4,5,F,Medellín,7442.09
46,36,37.2,4,1,6,F,Cali,9925.25
31,19,25.0,1,11,8,M,Medellín,7118.46
45,2,30.6,1,20,2,F,Barranquilla,6822.63
22,36,42.8,3,4,7,M,Bogotá,8820.46
64,39,33.0,3,6,7,M,Cali,9784.8
66,7,48.5,4,3,0,F,Medellín,6384.25
47,39,32.4,4,10,4,F,Cali,9759.16
63,22,43.6,2,21,9,F,Barranquilla,10801.25
69,39,33.9,3,8,4,F,Cali,10109.72
22,10,43.1,3,3,7,F,Barranquilla,6316.66
29,7,27.7,5,21,7,M,Bogotá,9453.95
33,28,36.4,4,8,1,M,Cali,6770.23
43,29,33.2,4,11,2,M,Medellín,8306.24
43,9,47.1,2,15,1,M,Cali,6767.54
65,38,43.7,4,0,0,M,Cali,10157.84
38,27,30.1,2,7,1,F,Barranquilla,7608.09
56,35,38.4,2,0,9,M,Barranquilla,8294.15
53,12,33.8,4,19,5,M,Medellín,10863.86
50,31,47.6,1,18,0,F,Bogotá,8602.71
47,35,50.2,5,3,5,F,Bogotá,9180.29
54,36,28.5,1,13,0,F,Barranquilla,8154.37
40,25,46.6,4,22,1,F,Medellín,10827.07
27,21,33.4,2,13,7,M,Cali,7409.02
22,3,38.0,2,8,5,F,Medellín,4991.09
53,30,40.3,2,8,8,M,Medellín,10834.55
51,17,54.5,3,16,0,F,Medellín,8609.64
69,37,32.0,2,14,4,F,Bogotá,9767.67
48,23,46.7,3,9,6,M,Cali,8935.53
27,22,30.6,1,16,8,M,Medellín,8642.42
36,21,30.1,1,8,8,F,Bogotá,7436.74
49,1,40.2,1,3,3,M,Bogotá,5947.86
18,30,40.2,2,13,3,F,Barranquilla,8192.14
22,10,17.3,4,2,3,F,Cali,6480.47
62,27,49.3,4,24,2,M,Medellín,11296.15
21,31,22.9,2,20,7,M,Cali,9618.62
33,4,38.8,3,11,4,M,Barranquilla,7561.36
41,37,50.6,4,21,6,F,Barranquilla,12695.14
33,9,57.7,2,0,9,M,Medellín,5403.64
19,39,37.1,2,0,5,M,Bogotá,7636.08
66,23,28.5,3,12,8,F,Barranquilla,11597.27
45,34,50.3,1,13,2,M,Bogotá,8202.57
49,22,46.9,1,15,5,M,Barranquilla,8851.75
44,16,36.1,2,6,2,M,Cali,7539.31
37,0,35.1,3,9,1,M,Medellín,4844.99
41,30,34.3,1,14,2,F,Barranquilla,7720.88
29,30,37.2,2,7,1,M,Cali,5965.49
67,33,42.5,2,10,1,F,Barranquilla,8936.07
52,8,35.5,1,23,9,F,Medellín,9340.37
50,21,36.5,2,13,6,M,Cali,9252.26
50,12,45.1,4,12,9,F,Bogotá,10885.52
68,24,28.1,1,22,2,M,Barranquilla,9132.31
60,17,37.0,3,12,7,F,Barranquilla,8332.9
54,11,26.6,2,8,1,M,Cali,5584.25
29,39,40.9,3,16,6,F,Medellín,9968.68
20,16,24.5,3,17,2,F,Barranquilla,7753.65
18,14,47.1,2,18,8,F,Cali,10416.48
50,14,29.5,4,12,6,F,Medellín,8894.87
57,14,25.8,3,11,8,F,Barranquilla,9951.24
27,38,37.1,4,20,1,F,Cali,10280.26
60,12,53.7,2,19,5,M,Medellín,8116.25
61,16,45.7,5,19,4,F,Barranquilla,9917.39
46,31,24.6,4,7,1,M,Barranquilla,7955.73
30,8,29.3,5,23,3,F,Medellín,9091.7
29,39,36.8,3,10,3,M,Medellín,9521.44
48,19,57.9,3,6,7,F,Cali,8181.67
63,25,32.5,4,0,6,F,Barranquilla,9394.99
19,26,32.6,4,9,4,F,Barranquilla,9261.77
68,20,52.2,5,14,8,F,Cali,11152.32
67,17,41.6,2,3,0,F,Barranquilla,7253.51
52,12,48.4,4,0,3,F,Barranquilla,5532.21
40,15,34.2,2,10,4,F,Barranquilla,5326.41
34,8,39.2,3,4,7,F,Bogotá,7624.23
43,11,50.5,2,18,2,M,Medellín,7434.97
25,37,38.8,2,18,4,M,Bogotá,11389.93
46,18,49.0,4,3,2,F,Bogotá,7510.72
43,6,43.1,1,1,6,M,Medellín,4721.28
27,34,31.7,3,6,9,F,Bogotá,10739.85
43,17,39.9,3,12,2,M,Cali,8398.13
51,15,47.9,1,19,6,F,Bogotá,9912.52
68,38,45.4,2,20,1,M,Cali,10051.78
58,3,39.7,3,11,6,M,Medellín,8097.06
24,24,24.9,2,1,8,F,Barranquilla,6413.03
21,31,25.6,4,21,4,M,Medellín,8812.3
67,39,27.3,5,8,5,F,Medellín,11758.45
62,12,35.9,2,15,9,F,Bogotá,8783.03
28,16,37.0,2,7,2,M,Medellín,5478.36
46,36,28.2,3,23,9,F,Medellín,10902.49
53,5,48.2,3,17,4,M,Cali,8434.18
42,18,29.9,2,3,4,M,Barranquilla,6649.81
38,12,29.0,1,23,2,M,Bogotá,7118.23
53,25,40.7,3,10,7,M,Barranquilla,8996.14
27,13,47.8,5,16,5,M,Barranquilla,9964.86
54,30,56.4,2,7,2,M,Barranquilla,6350.2
26,3,44.7,2,18,0,F,Bogotá,6725.28
41,38,52.6,5,7,9,M,Medellín,11866.17
52,7,30.3,3,5,0,M,Barranquilla,4930.19
66,24,57.3,3,22,9,M,Bogotá,10322.05
52,12,25.1,3,1,1,F,Medellín,6427.35
65,31,36.0,5,14,9,F,Barranquilla,11185.95
53,37,44.5,3,0,4,F,Cali,10011.21
35,37,27.2,4,5,6,M,Bogotá,11237.45
66,27,32.6,3,18,0,M,Barranquilla,9800.41
56,29,31.3,3,3,0,M,Bogotá,7468.37
49,2,37.5,2,12,3,F,Cali,6312.28
41,27,51.4,2,14,9,F,Bogotá,8571.25
40,2,40.1,4,8,5,F,Medellín,6992.92
49,33,36.3,2,2,8,M,Barranquilla,8382.56
54,15,16.9,3,1,0,M,Bogotá,5414.56
29,21,43.7,2,15,9,F,Bogotá,9473.93
66,31,46.3,4,17,4,M,Barranquilla,11269.55
30,37,26.4,1,17,8,F,Cali,10374.95
40,7,39.5,4,5,7,F,Cali,7297.65
42,7,41.5,3,17,6,F,Barranquilla,8954.6
52,5,47.7,2,10,9,M,Barranquilla,7921.86
58,13,34.2,3,6,1,F,Medellín,7400.12
47,31,33.0,2,22,8,F,Bogotá,10827.83
34,34,36.3,2,22,7,M,Bogotá,12076.93
66,9,50.3,2,13,9,M,Cali,7031.17
37,2,48.4,1,17,9,F,Medellín,8151.49
65,11,39.8,5,6,8,M,Bogotá,10107.17
42,30,48.2,1,9,8,M,Medellín,7839.59
39,28,21.1,3,7,8,M,Barranquilla,10431.47
30,4,46.3,2,23,2,M,Bogotá,7442.38
36,24,31.0,3,13,6,F,Barranquilla,8945.25
66,30,54.1,2,17,0,M,Cali,9698.54
53,20,31.5,3,4,8,F,Cali,9187.5
29,19,33.2,3,13,8,M,Barranquilla,9008.77
58,38,44.5,3,21,2,M,Cali,11158.04
36,21,45.3,1,24,4,F,Barranquilla,9609.77
29,3,36.4,3,21,7,M,Barranquilla,9206.08
26,12,43.0,2,21,5,M,Barranquilla,8544.26
24,19,44.0,1,9,9,F,Cali,6421.91
45,12,43.1,2,14,9,F,Cali,7896.66
31,16,36.8,2,5,8,F,Cali,8174.73
48,35,44.0,3,8,2,M,Barranquilla,8797.55
69,32,51.3,3,9,6,M,Medellín,9855.61
36,0,30.2,2,22,5,M,Cali,7844.97
64,14,33.3,2,16,4,F,Medellín,8692.27
33,12,40.2,1,0,3,M,Cali,4813.49
22,16,31.6,3,13,4,F,Bogotá,8258.84
52,23,25.6,3,3,3,F,Bogotá,6469.59
29,7,48.7,2,1,2,F,Bogotá,3649.55
42,26,22.2,3,2,6,F,Medellín,9105.07
69,22,36.8,3,6,5,F,Cali,7858.76
38,7,46.1,3,22,3,M,Barranquilla,7261.06
53,7,42.1,3,13,8,F,Medellín,8415.57
40,25,36.9,3,11,0,F,Cali,7849.82
33,12,31.2,3,18,0,F,Bogotá,7030.3
56,38,42.8,2,17,8,F,Medellín,11039.25
62,36,32.1,1,14,6,M,Cali,8654.4
59,27,42.1,2,0,1,M,Barranquilla,7537.52
56,24,41.1,3,24,9,M,Medellín,10392.8
31,15,41.2,4,2,4,F,Barranquilla,7151.01
48,1,34.9,2,24,3,M,Medellín,7970.63
22,17,56.3,2,14,0,M,Bogotá,7453.62
52,16,42.9,4,3,8,F,Bogotá,8865.38
40,29,37.8,4,14,5,F,Bogotá,9196.36
46,38,42.1,4,9,5,F,Barranquilla,10072.52
60,12,33.8,3,5,3,F,Bogotá,6603.82
28,31,36.9,4,12,1,F,Barranquilla,7615.08
35,28,59.1,1,6,7,M,Barranquilla,8469.96
64,29,33.9,1,21,7,M,Barranquilla,9743.17
29,17,39.4,1,0,2,M,Bogotá,5194.98
26,12,36.4,3,21,6,M,Cali,8787.11
27,20,31.7,1,10,6,M,Barranquilla,6241.81
61,29,43.4,3,13,4,F,Cali,8893.85
34,20,40.3,3,5,4,M,Barranquilla,7186.45
55,16,47.3,2,4,7,M,Bogotá,6693.7
24,39,46.5,4,18,3,M,Bogotá,11468.52
63,18,47.2,2,18,0,M,Bogotá,9458.96
30,14,32.7,2,12,0,M,Medellín,6926.92
57,8,45.1,4,6,8,F,Bogotá,8840.76
59,9,45.3,1,7,3,F,Cali,6363.52
26,30,31.8,3,13,0,M,Barranquilla,7248.71
67,22,37.5,4,18,1,F,Cali,10519.55
44,29,28.4,4,18,9,M,Medellín,12402.67
19,32,45.4,4,22,6,M,Cali,10784.46
22,8,45.3,2,11,1,F,Barranquilla,5860.44
46,0,51.4,3,22,0,F,Barranquilla,6914.73
54,34,38.2,1,8,9,F,Bogotá,9138.01
55,10,43.6,2,13,8,M,Medellín,7482.96
36,33,47.9,1,5,4,M,Medellín,7427.09
25,15,34.0,2,14,3,M,Cali,7461.15
65,8,32.8,4,12,3,F,Bogotá,8557.13
62,31,34.2,2,6,0,F,Bogotá,7963.55
18,14,37.2,3,10,2,M,Bogotá,4774.97
39,11,33.0,2,9,0,F,Barranquilla,5968.41
69,32,34.6,3,0,4,F,Medellín,9094.52
34,13,47.0,5,6,4,M,Cali,8107.99
24,7,39.2,2,17,8,F,Cali,8796.33
42,7,42.5,3,22,7,F,Cali,9207.75
62,26,35.6,2,2,4,M,Bogotá,8021.73
21,11,35.1,1,8,4,M,Medellín,4889.33
53,0,42.3,3,4,6,M,Medellín,7108.48
23,39,41.0,4,22,1,F,Barranquilla,11279.42
48,10,46.2,1,23,6,M,Barranquilla,8082.13
36,38,50.4,1,12,0,F,Barranquilla,6992.43
61,30,34.5,2,15,4,M,Cali,9181.84
56,16,46.9,4,15,5,M,Cali,8884.97
44,32,31.4,3,11,9,M,Medellín,10730.11
27,31,56.6,3,17,0,F,Barranquilla,8652.89
43,28,33.7,3,10,8,M,Cali,10195.23
36,20,45.5,4,16,8,M,Barranquilla,8951.46
56,20,31.3,4,6,0,F,Barranquilla,7026.87
20,39,38.8,4,14,3,F,Medellín,9370.94
62,22,52.4,4,5,7,M,Medellín,9816.51
30,5,33.5,3,5,1,M,Cali,3791.41
67,21,57.6,3,17,7,M,Medellín,10439.25
45,37,40.0,4,18,9,F,Barranquilla,11853.45
37,36,47.8,4,19,8,F,Medellín,12191.25
45,7,43.2,1,18,8,M,Barranquilla,8133.33
25,34,43.7,1,1,0,M,Barranquilla,5356.9
58,10,28.6,5,2,8,M,Cali,6712.0
56,23,36.2,2,13,3,M,Cali,7826.47
18,20,49.6,4,21,7,F,Cali,9200.57
20,1,37.2,2,24,8,F,Barranquilla,7151.24
30,39,41.1,1,3,2,F,Medellín,6658.65
45,18,27.6,1,21,5,M,Cali,9153.12
66,38,35.7,2,16,2,M,Cali,9030.14
42,27,49.0,2,5,0,F,Medellín,5561.01
50,16,29.7,3,18,9,M,Medellín,9471.91
55,5,45.7,3,8,5,F,Cali,7197.77
23,18,41.4,5,3,4,M,Barranquilla,7519.81
61,37,38.1,2,6,2,M,Barranquilla,8148.84
62,27,37.8,3,3,3,M,Cali,8041.26
49,1,36.1,3,10,1,F,Medellín,6418.91
62,37,36.8,3,21,9,M,Barranquilla,11684.38
64,36,47.4,3,22,9,M,Medellín,13432.73
38,3,36.5,1,1,3,F,Bogotá,4311.05
33,21,54.5,1,9,3,M,Medellín,7786.03
38,25,42.4,1,5,2,M,Medellín,6796.83
28,35,35.4,1,7,5,F,Bogotá,6862.79
54,12,47.8,3,14,0,M,Barranquilla,6143.03
53,31,45.0,2,12,8,F,Barranquilla,10871.99
52,16,26.8,4,21,9,M,Barranquilla,10072.05
36,35,31.7,4,1,2,M,Cali,8117.78
37,18,39.1,5,19,2,F,Bogotá,9149.32
35,34,27.3,4,0,2,M,Medellín,8978.43
64,39,56.7,2,14,6,F,Bogotá,10890.76
58,27,46.6,3,6,7,M,Bogotá,8324.77
66,0,39.9,2,23,1,F,Bogotá,7497.45
31,17,37.3,4,17,0,M,Bogotá,9134.23
32,39,35.2,4,9,4,M,Bogotá,9131.96
48,32,24.3,4,14,7,M,Bogotá,9455.14
18,11,26.1,2,4,2,M,Cali,5685.65
20,7,55.2,4,23,5,M,Bogotá,8364.85
33,23,52.6,1,10,2,F,Bogotá,5694.01
40,15,35.4,1,7,5,M,Barranquilla,5814.81
28,3,47.3,4,20,3,F,Bogotá,8327.28
29,37,44.1,2,7,6,F,Bogotá,9195.97
27,26,45.0,5,5,9,M,Barranquilla,10105.15
49,8,28.6,1,14,0,M,Barranquilla,5111.2
33,15,25.5,4,14,0,M,Barranquilla,8264.98
25,11,49.5,3,4,4,F,Medellín,7074.4
55,30,24.2,4,12,8,M,Bogotá,11024.09
29,23,38.8,4,13,4,M,Bogotá,8123.28
41,13,37.1,4,10,3,M,Bogotá,7400.64
45,24,36.3,2,19,7,M,Barranquilla,9994.76
25,33,42.5,4,20,4,M,Cali,11039.4
45,2,34.6,2,11,0,M,Bogotá,4787.49
53,23,43.2,1,19,6,F,Barranquilla,10667.02
43,8,41.1,2,0,3,M,Barranquilla,5295.84
25,25,56.8,4,2,9,F,Barranquilla,9750.75
67,19,28.9,3,7,4,F,Medellín,7249.95
45,39,40.2,4,22,5,M,Barranquilla,12128.32
45,9,43.5,3,11,6,M,Cali,6980.49
54,18,37.9,2,14,1,F,Medellín,7835.39
58,2,29.3,4,22,0,M,Barranquilla,8535.44
53,23,50.1,1,2,2,M,Cali,6946.83
44,4,42.7,4,24,9,M,Cali,9626.32
34,2,29.9,2,21,0,M,Bogotá,4999.27
26,26,43.5,3,7,3,F,Barranquilla,8056.5
50,15,53.6,2,23,5,F,Barranquilla,9171.14
37,14,39.7,2,18,4,F,Bogotá,7757.22
30,34,40.0,2,19,3,M,Cali,8688.3
45,11,52.5,2,5,6,F,Barranquilla,7025.52
65,25,32.2,2,17,5,F,Bogotá,9620.29
46,33,53.8,2,10,2,F,Bogotá,9517.01
30,22,47.8,3,11,8,M,Cali,7509.76
63,30,32.6,4,22,4,M,Cali,10321.77
52,19,34.7,3,1,9,M,Barranquilla,8604.44
23,11,35.8,4,4,0,M,Barranquilla,4186.72
35,22,25.3,3,3,5,M,Medellín,6772.23
68,3,42.1,3,8,4,F,Cali,9207.17
22,22,33.0,3,12,9,F,Medellín,8798.82
64,0,42.4,2,12,7,M,Medellín,8111.53
42,24,29.7,3,14,3,M,Bogotá,7326.11
19,1,47.4,1,1,0,F,Bogotá,3922.07
27,29,45.9,4,22,1,F,Barranquilla,9697.68
47,2,34.4,4,12,7,M,Cali,8398.46
67,20,42.9,2,6,9,M,Cali,9359.94
62,24,40.7,4,22,7,M,Medellín,11184.92
22,19,51.9,1,16,4,F,Medellín,7933.89
50,21,31.7,2,7,5,F,Barranquilla,6824.94
18,20,38.8,1,17,1,M,Bogotá,6891.08
35,32,34.9,4,14,8,M,Cali,11130.52
49,37,40.4,4,14,5,F,Cali,10515.45
64,14,44.3,4,4,8,F,Cali,8170.3
66,14,34.8,1,1,9,F,Cali,6823.04
28,24,37.1,3,15,2,M,Bogotá,9224.65
38,20,47.7,3,4,5,M,Barranquilla,8470.97
43,23,50.9,2,22,9,M,Barranquilla,11203.14
42,4,43.9,3,5,4,M,Bogotá,7634.77
39,5,38.9,1,11,8,F,Barranquilla,6883.54
44,22,38.1,2,4,9,F,Barranquilla,8352.22
66,3,44.4,3,19,0,M,Medellín,6241.63
30,26,41.8,3,7,8,M,Bogotá,8168.99
50,17,26.8,1,10,4,M,Barranquilla,7421.18
51,20,44.6,2,13,0,M,Medellín,8298.58
58,27,33.1,2,23,9,M,Bogotá,10132.29
52,34,28.7,2,16,7,M,Bogotá,10196.03
18,21,26.7,2,9,6,M,Cali,9038.03
38,39,38.3,2,1,5,M,Medellín,8194.33
65,22,31.9,3,2,1,M,Medellín,8459.37
23,2,21.4,2,12,4,M,Medellín,6073.83
45,39,37.1,4,16,2,F,Bogotá,11070.59
34,9,36.1,3,2,1,F,Cali,4823.92
22,24,38.8,1,9,9,F,Bogotá,6644.84
48,7,35.0,1,7,0,F,Barranquilla,5702.93
22,10,54.6,4,3,8,M,Barranquilla,7874.68
55,4,44.1,1,12,1,F,Barranquilla,6044.95
20,36,36.0,1,6,0,F,Cali,5578.32
40,37,39.5,1,6,6,F,Bogotá,8187.09
54,28,51.3,3,15,8,F,Medellín,10266.16
54,4,47.7,3,4,5,F,Barranquilla,6450.5
27,8,28.8,5,16,7,M,Barranquilla,9249.78
27,1,32.2,4,9,6,F,Bogotá,7582.98
36,0,33.7,2,3,8,F,Medellín,6094.36
34,39,36.5,2,22,6,M,Cali,11013.07
38,29,35.2,2,13,5,F,Barranquilla,8948.81
31,10,40.3,2,4,0,M,Barranquilla,5019.68
26,27,45.9,1,1,8,F,Barranquilla,6553.97
63,11,47.2,1,13,9,M,Medellín,8560.48
18,38,37.4,1,23,4,M,Barranquilla,10208.82
68,25,26.9,2,17,1,M,Medellín,8751.26
62,12,31.7,2,23,7,F,Barranquilla,8909.21
30,7,35.8,5,10,3,F,Barranquilla,6690.48
21,27,30.0,3,15,2,M,Medellín,7571.97
18,29,49.1,5,17,0,M,Medellín,8631.51
66,8,30.6,2,15,4,M,Cali,10161.97
57,38,44.9,3,20,2,M,Bogotá,10236.32
49,30,26.5,2,3,3,M,Barranquilla,7451.76
51,20,45.3,2,0,8,M,Barranquilla,7585.08
45,33,38.9,1,13,6,M,Bogotá,10239.15
48,30,52.1,4,11,4,M,Bogotá,10345.0
25,24,30.9,5,23,7,M,Bogotá,11508.1
56,11,35.5,1,9,5,M,Barranquilla,7032.01
43,0,37.0,2,18,9,F,Barranquilla,8310.07
51,21,38.8,2,3,1,M,Barranquilla,6854.8
20,39,37.2,2,19,6,F,Medellín,9656.07
67,36,37.4,2,20,0,M,Cali,9282.11
29,0,37.3,1,2,2,F,Cali,3971.41
18,0,23.4,3,24,0,M,Bogotá,6251.46
61,20,47.9,2,3,0,F,Bogotá,6850.99
22,14,62.9,2,14,4,M,Barranquilla,6730.09
47,16,42.4,1,10,5,M,Cali,6111.99
47,21,30.9,2,15,2,M,Cali,6995.04
34,37,31.7,5,3,2,F,Medellín,8986.4
65,34,44.9,2,5,2,M,Barranquilla,7226.05
64,15,43.1,4,7,0,M,Barranquilla,9346.23
40,7,37.7,4,12,4,M,Cali,9427.29
32,16,46.0,5,22,0,F,Cali,10118.39
54,16,23.5,4,19,9,F,Medellín,10266.97
38,25,46.0,3,3,9,M,Medellín,8413.12
31,12,41.9,4,4,2,M,Barranquilla,6980.73
19,16,32.0,1,9,5,F,Medellín,6792.3
28,37,28.5,3,4,5,F,Cali,8804.51
68,16,41.0,5,11,2,M,Barranquilla,8266.62
56,13,51.3,4,0,8,M,Cali,8157.57
55,5,38.2,5,23,7,M,Barranquilla,10934.61
51,34,33.2,4,9,2,F,Barranquilla,7583.77
55,13,41.5,4,4,4,F,Cali,6933.25
67,7,54.6,3,18,4,M,Barranquilla,9434.7
51,14,43.5,4,18,4,F,Barranquilla,9257.79
35,26,44.3,3,19,2,F,Medellín,9050.6
47,12,49.8,4,11,4,M,Cali,9388.75
32,30,43.8,4,22,4,M,Cali,10753.95
44,34,33.8,4,15,3,M,Medellín,9848.24
68,5,26.0,3,4,3,F,Barranquilla,6323.14
51,4,32.6,2,16,1,F,Bogotá,6483.48
69,21,31.2,1,13,8,M,Bogotá,8365.37
55,22,45.3,4,11,6,F,Cali,9656.48
50,24,46.4,3,12,0,F,Medellín,7394.08
41,33,41.4,2,20,4,F,Barranquilla,9719.34
32,25,29.9,1,13,1,F,Medellín,6595.63
47,4,54.3,4,4,9,M,Barranquilla,8274.58
59,25,36.7,4,21,5,F,Cali,12257.12
68,19,44.8,4,22,6,M,Cali,11439.65
34,5,40.4,3,4,1,F,Bogotá,5618.52
22,5,41.7,2,17,5,M,Medellín,7302.57
46,17,44.5,2,13,2,F,Cali,6947.25
21,3,34.4,1,17,8,M,Medellín,7482.57
27,16,50.4,4,19,3,M,Cali,9416.12
34,13,27.4,1,0,2,F,Barranquilla,4665.01
27,13,31.7,3,6,2,F,Barranquilla,6594.48
34,12,50.3,3,16,1,M,Bogotá,7946.62
37,6,44.7,3,2,8,F,Cali,7179.07
41,14,60.3,4,9,7,M,Bogotá,9824.91
22,18,40.5,1,6,4,M,Bogotá,5511.0
51,34,53.6,4,11,8,M,Cali,12267.97
23,16,25.1,1,21,1,M,Cali,5669.37
19,34,28.7,1,14,5,F,Barranquilla,8835.01
30,18,47.2,2,22,6,F,Bogotá,9372.21
60,19,26.1,1,20,5,F,Barranquilla,8041.17
60,35,38.4,4,15,2,F,Medellín,11399.28
65,34,49.3,3,7,9,F,Medellín,9273.69
28,31,44.0,1,5,9,M,Bogotá,9540.18
68,39,40.1,1,3,9,F,Bogotá,11386.95
64,23,36.4,3,10,8,F,Cali,9655.44
40,16,41.6,4,16,7,F,Cali,8901.83
33,6,44.6,2,1,7,M,Bogotá,5531.81
48,0,34.7,3,5,7,F,Bogotá,7500.59
28,34,43.0,4,3,8,F,Medellín,9267.1
33,31,48.6,3,2,0,F,Barranquilla,4925.61
25,35,38.2,2,6,7,F,Medellín,8924.74
21,12,40.5,3,6,1,F,Medellín,6727.57
57,5,43.9,3,15,3,M,Barranquilla,8294.95
21,13,44.4,3,1,0,F,Bogotá,5889.66
42,36,47.0,3,7,5,F,Bogotá,10758.62
20,14,31.9,5,14,9,F,Medellín,9409.33
49,3,35.8,2,15,0,M,Medellín,7676.66
20,39,36.1,5,0,4,F,Barranquilla,8838.0
44,15,32.8,3,9,8,F,Cali,9373.32
46,27,25.6,3,6,0,M,Cali,7300.07
49,15,14.0,1,15,8,F,Bogotá,9665.64
67,3,49.6,2,9,3,M,Cali,7357.33
68,25,27.6,4,11,2,F,Bogotá,9257.06
36,27,52.5,3,16,7,M,Bogotá,9207.83
38,31,45.9,1,12,5,M,Bogotá,8723.47
22,1,36.8,3,11,6,M,Barranquilla,6046.58
35,30,44.9,1,14,8,M,Medellín,9581.3
45,2,43.4,5,13,4,F,Cali,8823.17
59,7,31.2,4,18,1,M,Barranquilla,9195.29
39,23,39.9,1,18,2,M,Cali,8403.67
38,14,32.2,4,13,2,F,Barranquilla,8077.05
23,30,45.2,4,17,3,F,Cali,10852.66
18,8,34.3,2,4,9,M,Cali,7536.87
22,38,39.2,3,19,6,M,Medellín,9815.83
58,1,38.9,2,5,9,F,Cali,8423.16
29,7,41.0,3,17,5,M,Barranquilla,8923.24
43,6,53.3,2,13,2,F,Cali,6132.01
63,38,38.1,2,3,6,F,Medellín,7743.19
51,15,49.7,2,22,3,M,Cali,9924.08
66,34,43.8,1,0,9,F,Barranquilla,8992.0
31,29,51.3,4,12,7,F,Cali,9840.22
43,9,37.3,2,10,6,M,Medellín,7505.64
62,37,45.6,2,2,6,F,Medellín,10083.02
44,17,39.5,4,16,8,F,Medellín,8447.24
26,4,16.1,3,17,7,M,Medellín,7752.45
43,28,31.3,3,24,0,F,Bogotá,9710.42
64,38,44.7,5,9,6,F,Medellín,12787.66
39,33,44.1,4,15,2,M,Cali,10639.33
64,22,29.6,2,20,3,F,Cali,9959.38
47,4,41.8,3,12,5,F,Cali,7206.91
60,29,44.0,5,19,4,F,Cali,12095.66
65,5,39.7,2,11,7,F,Bogotá,7452.38
34,3,45.8,2,3,1,M,Bogotá,4750.01
43,28,44.7,2,7,4,F,Bogotá,8584.61
53,22,39.7,1,11,4,M,Cali,7868.81
18,5,35.9,3,18,2,F,Barranquilla,7201.49
25,31,48.3,4,14,9,M,Barranquilla,11859.94
66,17,43.7,5,15,4,F,Cali,9973.53
52,14,28.9,4,11,3,M,Medellín,7443.42
69,39,41.8,2,19,4,M,Medellín,10326.59
32,31,30.8,1,17,9,F,Cali,8682.42
64,8,32.3,5,21,8,F,Medellín,12130.45
39,36,34.8,2,11,6,M,Medellín,9920.39
31,9,40.4,2,15,0,M,Barranquilla,7257.43
43,19,43.0,4,24,2,M,Cali,10733.03
45,5,36.7,3,19,8,M,Bogotá,8796.78
40,2,37.1,2,10,3,M,Barranquilla,7320.41
31,10,36.0,4,21,3,M,Cali,8182.28
41,16,48.4,5,19,9,F,Cali,12720.9
19,31,17.2,1,13,5,F,Barranquilla,7871.97
62,3,37.5,4,1,2,M,Medellín,7803.45
43,3,52.4,2,12,2,M,Medellín,5601.72
31,16,44.1,3,13,8,F,Barranquilla,8531.35
68,18,50.1,4,5,4,M,Cali,7509.19
24,4,23.7,5,11,6,M,Bogotá,8629.3
20,31,30.1,2,6,4,F,Cali,7654.08
64,21,44.1,2,3,5,F,Bogotá,9414.79
40,5,52.4,1,6,7,M,Bogotá,5918.81
63,34,30.9,3,12,7,F,Cali,11668.17
60,21,36.9,1,10,1,M,Cali,7197.43
64,0,43.2,2,7,8,F,Cali,7112.97
62,19,28.4,1,18,9,M,Bogotá,9224.49
35,21,44.2,2,1,5,M,Medellín,6161.88
55,10,18.6,1,20,6,M,Bogotá,8353.4
52,12,43.9,4,17,2,M,Bogotá,9027.61
68,2,32.0,2,20,3,F,Bogotá,6581.85
32,8,36.4,2,9,5,F,Barranquilla,4557.03
42,11,45.2,4,5,6,F,Medellín,7657.6
54,22,43.6,3,23,5,M,Bogotá,11453.6
45,13,39.9,2,21,4,F,Bogotá,8761.16
27,32,47.8,1,3,1,M,Barranquilla,5469.83
56,17,26.4,3,18,6,M,Bogotá,8096.92
34,8,41.6,2,13,4,F,Medellín,7897.84
56,22,33.7,4,13,8,F,Bogotá,9003.07
39,9,47.3,2,17,3,M,Medellín,8151.97
43,18,45.5,2,16,9,M,Medellín,9872.73
61,4,45.8,3,17,1,F,Cali,9079.73
42,22,53.2,3,17,6,F,Barranquilla,9344.68
34,29,49.0,4,4,6,F,Barranquilla,9836.44
30,24,38.7,1,8,0,F,Barranquilla,7330.4
37,27,40.0,3,0,4,F,Cali,6415.3
42,33,44.8,1,3,2,M,Cali,7228.45
21,24,41.1,3,6,8,M,Medellín,8349.19
27,9,45.6,4,10,8,M,Barranquilla,7527.98
20,13,22.2,2,13,6,F,Cali,7344.45
58,29,55.0,4,9,8,M,Cali,9839.81
62,24,40.5,3,18,1,F,Cali,9743.23
35,13,27.0,4,7,9,F,Medellín,10199.01
64,34,32.7,4,2,7,F,Bogotá,9787.11
53,33,23.0,1,7,9,M,Cali,8874.09
64,9,31.3,2,17,9,M,Cali,10262.71
39,34,38.9,2,4,9,M,Cali,10066.09
51,10,52.1,2,19,0,M,Barranquilla,7142.38
64,10,43.3,3,10,2,F,Barranquilla,8200.07
25,20,41.9,3,8,7,F,Cali,5851.4
57,20,30.9,5,18,7,M,Medellín,10245.21
66,21,33.4,2,11,9,M,Bogotá,10306.91
61,6,34.0,4,4,7,F,Barranquilla,7486.82
36,16,34.4,4,15,6,M,Bogotá,9035.73
59,1,37.2,4,24,1,M,Cali,7953.54
58,11,37.8,2,12,2,F,Barranquilla,6369.22
54,17,37.3,3,5,8,M,Bogotá,6472.56
23,10,34.6,2,15,1,M,Cali,6103.48
69,15,41.1,2,17,6,M,Barranquilla,9653.99
43,17,37.5,2,16,0,F,Cali,7614.98
51,34,27.2,4,11,2,M,Barranquilla,8957.39
62,25,40.3,3,0,0,M,Bogotá,6011.31
23,15,39.1,3,6,5,F,Bogotá,6782.4
54,5,27.4,5,13,3,F,Barranquilla,7257.83
50,11,35.3,1,17,0,F,Medellín,6085.44
39,12,44.8,3,22,4,F,Cali,9150.28
38,3,30.9,4,0,3,F,Bogotá,5056.29
23,38,30.1,2,19,9,F,Medellín,11675.55
23,1,37.4,3,9,9,F,Barranquilla,6259.35
65,25,45.0,2,14,1,M,Bogotá,8196.18
21,26,54.5,4,10,6,F,Bogotá,10002.28
47,26,45.3,2,3,7,F,Cali,8746.84
28,14,48.7,2,14,3,F,Medellín,7743.8
47,7,42.8,3,20,8,M,Cali,8866.56
48,6,34.5,2,15,2,M,Barranquilla,7364.8
41,39,45.2,2,14,5,F,Bogotá,10636.65
26,11,39.3,2,16,6,F,Medellín,8092.85
20,12,43.0,2,22,6,F,Cali,8419.11
68,16,32.4,3,10,5,M,Medellín,9127.68
48,16,43.7,3,17,8,F,Barranquilla,9714.88
57,35,39.0,3,15,0,M,Bogotá,9933.14
54,20,41.9,3,14,8,M,Medellín,9918.19
53,7,39.3,2,10,8,F,Barranquilla,6565.95
41,4,37.8,1,12,3,M,Barranquilla,5485.02
48,25,43.9,4,17,4,F,Bogotá,11862.87
23,15,36.8,4,7,2,M,Cali,5517.08
19,35,27.3,2,8,6,M,Bogotá,9586.29
37,27,25.0,2,21,1,M,Bogotá,9180.42
45,28,41.5,3,10,7,F,Medellín,9614.88
28,11,36.4,3,16,8,M,Medellín,7301.67
21,36,26.2,3,0,5,M,Cali,7797.08
32,29,40.9,1,10,8,F,Barranquilla,7936.44
23,22,39.2,3,6,5,M,Medellín,8594.18
66,15,36.0,1,7,2,M,Cali,6096.64
47,13,42.0,3,18,9,F,Bogotá,9584.34
55,9,50.5,4,24,2,F,Barranquilla,9829.44
68,6,50.3,3,3,1,F,Bogotá,5978.88
19,36,41.2,1,3,4,M,Barranquilla,7899.87
32,28,39.3,5,18,3,M,Medellín,10152.79
28,2,41.3,4,23,5,M,Bogotá,7234.83
25,14,42.5,4,8,4,M,Bogotá,7763.11
43,35,37.9,2,16,5,M,Barranquilla,10509.4
68,18,41.4,2,17,3,F,Cali,10051.42
62,12,27.4,4,0,2,M,Barranquilla,7263.14
61,20,40.7,3,13,0,F,Medellín,9218.01
22,36,43.8,4,3,4,M,Cali,9139.56
23,26,36.1,2,9,5,M,Bogotá,7008.97
43,28,39.2,2,22,4,F,Bogotá,9218.01
21,19,31.1,5,13,4,M,Bogotá,7032.49
36,24,30.0,3,6,5,M,Medellín,7816.52
37,5,41.7,1,11,3,F,Bogotá,6392.76
50,35,34.2,2,21,3,F,Bogotá,8920.75
37,1,25.8,3,15,7,M,Cali,8627.18
66,21,31.1,1,4,7,F,Medellín,7594.27
29,31,32.3,3,10,2,M,Bogotá,7572.4
64,15,46.2,2,3,6,F,Cali,6286.65
18,17,41.4,4,12,4,M,Bogotá,9499.84
43,4,33.0,2,7,4,F,Cali,6975.68
31,35,35.3,5,6,2,F,Bogotá,8901.77
55,29,50.5,2,10,1,M,Medellín,9095.71
54,18,47.5,3,10,2,F,Barranquilla,7934.85
28,22,31.1,1,16,6,F,Medellín,7562.95
53,33,49.3,3,21,2,F,Cali,10101.9
30,12,39.4,5,13,1,M,Bogotá,7875.29
60,28,46.4,4,1,3,F,Medellín,8337.16
20,35,38.7,3,19,4,F,Bogotá,10009.67
50,21,49.5,3,20,6,F,Medellín,11559.18
23,35,30.7,4,7,0,M,Cali,9998.17
67,8,38.0,4,21,7,M,Barranquilla,9342.95
27,38,49.7,5,1,9,F,Medellín,10748.07
22,18,20.9,2,20,2,M,Bogotá,7771.2
40,37,39.6,5,14,5,F,Bogotá,11658.37
27,5,36.9,2,4,3,M,Bogotá,4848.36
61,14,45.5,2,5,4,F,Cali,7662.79
19,19,48.6,1,16,9,M,Cali,7340.25
30,8,45.8,2,7,5,F,Barranquilla,9122.79
57,31,41.9,4,18,1,F,Bogotá,10625.99
19,3,40.3,4,4,2,M,Barranquilla,6283.52
37,17,37.3,4,22,7,F,Bogotá,9489.9
18,4,41.7,3,18,7,F,Medellín,7399.38
54,19,51.7,3,13,0,F,Medellín,7030.63
26,22,33.4,3,9,9,M,Medellín,9956.03
34,10,36.8,2,12,7,F,Bogotá,6654.24
26,36,39.4,4,21,1,F,Medellín,10189.92
28,21,48.0,3,4,9,F,Bogotá,8264.45
32,3,41.8,3,6,9,M,Barranquilla,7565.56
41,28,47.9,3,9,7,F,Cali,8429.56
55,33,48.3,4,10,9,M,Medellín,11927.19
52,12,44.7,2,2,4,F,Bogotá,7466.48
47,8,31.5,2,12,0,M,Bogotá,5699.46
48,30,53.3,4,1,7,M,Barranquilla,9390.23
66,6,51.3,3,3,4,M,Barranquilla,7560.74
22,3,40.5,4,2,0,F,Cali,5341.96
61,18,28.9,2,14,3,M,Barranquilla,7378.72
67,29,27.5,2,3,0,M,Cali,7828.51
31,30,42.0,4,22,8,M,Cali,12755.16
28,34,34.4,3,20,9,M,Barranquilla,12343.64
26,20,26.3,3,3,1,M,Cali,6664.72
51,30,27.4,2,14,7,M,Medellín,10278.78
29,18,36.2,2,5,3,M,Cali,6096.65
52,30,41.6,3,22,8,M,Bogotá,10830.21
52,31,51.2,1,4,1,M,Bogotá,7173.03
18,1,43.9,4,11,2,F,Bogotá,8220.05
57,9,36.9,4,6,1,M,Barranquilla,6693.7
39,1,43.0,2,2,9,M,Bogotá,6587.53
46,1,42.3,3,6,4,M,Barranquilla,6686.71
25,23,45.9,3,11,0,M,Bogotá,7174.04
28,16,39.7,2,14,2,M,Cali,8342.4
58,31,48.3,2,18,0,M,Barranquilla,10585.55
54,15,46.6,2,5,9,M,Bogotá,10282.65
31,15,40.7,3,7,7,F,Cali,7186.78
47,38,39.0,3,5,3,F,Barranquilla,9325.68
52,30,47.4,3,2,2,F,Cali,8121.85
38,23,34.3,4,4,7,M,Cali,8135.37
54,0,27.9,4,8,8,M,Cali,7295.55
22,10,27.9,3,23,7,F,Barranquilla,9061.96
36,20,33.6,4,15,5,F,Barranquilla,8930.46
31,3,45.3,2,21,2,M,Medellín,6330.78
43,6,36.6,4,15,7,M,Medellín,8902.87
21,25,41.6,3,8,4,F,Medellín,7023.98
42,11,36.0,4,17,4,F,Medellín,8436.92
62,30,36.1,3,12,8,F,Barranquilla,10820.91
59,16,31.8,2,10,0,F,Medellín,6823.92
42,32,39.3,3,24,6,M,Bogotá,11073.56
35,10,38.6,2,9,7,F,Medellín,8681.09
57,27,43.3,3,9,9,F,Bogotá,11236.6
25,31,42.3,3,5,2,M,Bogotá,7805.47
56,0,38.4,4,15,7,F,Cali,7864.55
57,27,28.0,3,24,0,F,Cali,10533.61
31,6,48.6,3,11,7,F,Cali,9724.94
49,1,39.3,2,3,6,M,Medellín,7046.49
68,23,40.6,5,4,3,M,Barranquilla,8188.9
55,3,52.8,4,1,6,F,Bogotá,7068.89
50,18,47.3,4,18,9,M,Barranquilla,10273.11
40,25,43.6,2,0,6,M,Barranquilla,6613.14
32,10,40.0,3,3,9,F,Medellín,8268.04
50,39,39.9,1,11,0,M,Barranquilla,9179.67
42,10,41.9,3,1,2,F,Barranquilla,7418.85
34,2,43.3,1,11,6,M,Cali,6722.18
50,11,53.7,3,15,4,F,Cali,8499.68
64,2,59.8,3,1,8,M,Bogotá,7527.31
19,26,42.3,2,16,6,M,Bogotá,8085.03
31,1,22.8,3,1,2,F,Cali,5813.08
57,15,32.4,4,3,0,F,Medellín,6378.04
57,1,54.5,1,5,4,F,Medellín,5395.61
68,29,45.7,4,22,9,F,Bogotá,12402.55
56,19,43.4,2,6,4,M,Cali,5134.21
68,37,38.7,1,22,6,M,Medellín,11774.55
23,27,30.5,2,14,0,F,Barranquilla,6614.31
23,24,53.4,4,19,9,M,Bogotá,11427.59
20,31,33.4,2,11,1,F,Bogotá,7142.15
24,9,45.8,4,4,5,M,Barranquilla,6621.06
68,39,29.6,3,13,7,F,Barranquilla,10335.54
25,32,38.3,1,15,3,M,Bogotá,9270.25
59,12,47.9,3,10,2,F,Barranquilla,9042.49
69,36,38.0,1,11,2,M,Medellín,9694.91
32,15,37.1,4,18,2,M,Bogotá,8828.59
64,21,40.1,2,16,1,F,Medellín,8610.07
46,19,29.3,2,23,0,M,Bogotá,9238.77
50,26,27.8,4,6,4,M,Medellín,8666.45
69,15,45.7,5,8,9,F,Cali,11424.62
47,33,36.6,2,13,4,F,Medellín,8453.9
56,31,45.7,4,19,4,F,Barranquilla,11930.77
44,25,48.9,2,11,3,F,Cali,9281.57
53,24,49.6,4,14,2,M,Bogotá,8690.51
46,1,27.0,3,11,2,F,Medellín,5683.78
55,11,34.4,2,20,1,F,Bogotá,7835.42
50,39,44.3,2,20,4,F,Cali,11073.0
54,8,44.4,1,22,3,M,Barranquilla,7401.92
44,11,58.0,2,12,5,M,Barranquilla,7863.76
50,25,32.7,2,8,1,M,Barranquilla,5747.53
21,8,49.3,3,23,1,M,Bogotá,8476.49
39,9,43.0,5,6,7,F,Barranquilla,9109.63
19,31,26.9,1,0,5,M,Barranquilla,7575.3
27,33,35.6,3,9,2,M,Bogotá,8788.02
22,19,42.1,3,5,4,F,Bogotá,6805.45
27,38,26.4,4,14,2,F,Cali,8879.54
50,1,23.4,3,14,1,M,Barranquilla,5910.49
55,0,25.9,3,8,2,F,Cali,6052.44
30,35,42.1,3,12,0,M,Medellín,7944.03
48,23,36.1,2,22,6,M,Medellín,9306.76
64,26,35.0,1,0,5,M,Medellín,7174.78
53,1,35.3,2,8,4,F,Medellín,4905.22
62,30,28.6,1,2,5,F,Bogotá,6826.39
41,13,36.3,3,8,7,M,Cali,8144.25
69,1,25.4,2,19,2,M,Cali,7579.2
32,28,49.5,3,24,2,F,Bogotá,10754.41
46,14,53.5,1,14,4,M,Medellín,7676.46
25,11,21.4,4,23,4,F,Cali,8910.74
22,36,36.2,4,6,0,F,Barranquilla,8702.62
46,27,36.8,2,3,3,F,Bogotá,7474.24
64,19,38.6,2,24,8,F,Bogotá,9901.32
21,38,48.0,3,19,7,M,Barranquilla,10325.36
29,23,36.3,1,16,2,F,Medellín,8770.76
62,20,39.3,2,21,4,F,Medellín,12133.09
19,9,63.8,2,3,4,F,Cali,6400.88
44,13,39.1,4,18,6,M,Barranquilla,8779.77
48,36,54.1,4,4,7,M,Cali,11790.67
68,17,44.0,3,15,8,M,Medellín,9775.81
68,23,35.6,3,2,6,M,Cali,8853.93
53,13,34.2,4,10,1,M,Barranquilla,7761.68
53,33,39.9,4,24,7,F,Barranquilla,12492.28
43,11,31.0,5,21,7,M,Barranquilla,9987.77
60,21,33.1,1,14,1,M,Medellín,8594.81
44,5,36.6,2,18,5,F,Bogotá,7561.44
22,35,42.3,3,20,9,M,Bogotá,11674.66
37,35,54.6,3,23,0,M,Bogotá,10776.86
28,21,36.1,1,13,6,F,Cali,7593.16
27,13,43.7,1,15,9,M,Barranquilla,6766.73
57,15,27.0,4,23,1,M,Medellín,8828.07
55,35,48.5,4,5,4,F,Bogotá,10372.08
23,24,26.2,2,4,6,M,Bogotá,7313.93
25,31,46.4,4,20,9,M,Cali,10848.97
40,32,39.4,3,16,8,F,Cali,10705.96
64,35,39.0,4,15,0,M,Bogotá,10452.72
43,19,37.6,2,1,8,M,Barranquilla,7845.21
63,17,29.6,1,10,4,M,Barranquilla,8835.21
60,37,30.0,2,3,5,M,Cali,6943.7
29,2,46.7,3,5,7,M,Cali,7554.06
43,22,40.1,3,6,1,F,Barranquilla,7530.25
30,31,37.5,1,16,6,M,Cali,8088.29
57,15,43.5,5,7,3,F,Cali,8849.41
35,4,40.8,2,0,8,M,Barranquilla,7064.13
42,3,33.7,2,24,5,M,Barranquilla,9572.06
50,20,59.7,3,14,6,F,Medellín,8808.57
64,39,45.9,3,19,5,F,Cali,11009.62
57,13,41.0,2,11,7,F,Cali,7265.6
60,38,35.9,4,14,5,M,Medellín,11444.92
29,30,47.6,3,22,6,M,Cali,10904.88
61,13,33.7,3,21,7,F,Cali,10780.5
53,5,33.0,3,14,0,M,Bogotá,7253.05
65,11,53.5,1,8,9,M,Bogotá,8782.3
21,15,40.2,3,15,3,M,Bogotá,6618.44
22,16,33.9,4,1,5,M,Medellín,8360.71
54,22,40.0,1,14,0,M,Cali,8427.79
25,13,46.8,2,14,3,F,Medellín,6723.64
59,6,45.0,4,6,5,M,Medellín,7220.22
66,31,47.8,2,20,6,F,Cali,11543.98
45,14,30.0,3,12,5,M,Barranquilla,6885.7
48,16,47.6,5,22,3,M,Barranquilla,9845.83
26,33,38.6,2,16,6,M,Cali,8666.79
68,4,40.7,1,10,9,M,Barranquilla,7553.04
46,26,49.7,4,9,1,F,Bogotá,8400.32
31,22,45.6,4,24,5,M,Cali,9970.67
57,39,42.8,3,0,4,M,Medellín,8280.07
58,13,24.1,3,13,1,F,Bogotá,7100.26
39,14,39.6,4,4,8,M,Medellín,7316.92
28,32,33.7,3,7,6,M,Barranquilla,9239.64
40,30,45.7,2,0,2,M,Cali,7886.43
18,34,47.9,1,6,6,F,Bogotá,8129.73
63,16,37.6,3,1,5,M,Cali,8645.25
54,27,34.7,4,6,6,F,Bogotá,8778.05
38,18,52.5,4,6,3,F,Bogotá,7398.57
43,22,35.2,5,8,9,M,Bogotá,10476.81
63,31,30.4,4,21,7,M,Cali,12388.79
53,39,33.3,3,3,7,M,Bogotá,9716.73
40,12,35.6,2,22,6,M,Bogotá,8814.14
18,19,33.1,4,6,6,F,Cali,7033.59
68,34,46.8,3,19,9,M,Medellín,10073.58
57,4,22.4,3,17,7,M,Barranquilla,8967.07
32,8,32.9,1,12,0,M,Cali,6158.96
38,28,39.6,4,10,5,F,Cali,9135.09
64,5,41.7,3,8,1,M,Bogotá,6343.8
26,24,53.5,2,13,0,M,Cali,6905.48
26,30,52.4,3,7,9,M,Cali,9175.85
27,21,27.2,3,20,6,M,Barranquilla,10167.99
69,1,24.7,2,13,5,M,Cali,6487.71
43,4,40.2,4,20,4,M,Bogotá,9214.38
58,26,34.6,2,16,4,M,Barranquilla,8870.82
52,24,30.5,2,24,8,F,Cali,9062.28
69,7,40.1,2,13,8,F,Bogotá,8271.87
42,0,41.8,3,23,5,M,Barranquilla,9748.54
43,19,33.3,5,4,2,M,Cali,7426.2
28,22,35.0,4,9,6,M,Bogotá,8575.23
55,31,33.9,4,5,3,F,Barranquilla,9069.97
19,10,36.7,1,9,4,M,Bogotá,5863.39
24,38,44.3,1,10,6,M,Barranquilla,9938.38
35,23,31.4,3,23,6,F,Cali,9511.65
44,10,34.9,2,5,9,F,Medellín,7332.0
51,28,36.8,4,9,7,M,Barranquilla,10653.92
44,25,39.9,3,13,0,M,Cali,7687.21
34,15,42.2,5,19,4,F,Barranquilla,9821.47
60,34,56.3,2,2,8,F,Medellín,10190.19
61,19,44.6,3,6,6,F,Bogotá,8218.18
68,2,44.8,3,1,1,F,Medellín,5713.42
41,0,37.9,2,6,0,M,Medellín,3892.24
42,0,32.2,3,16,7,M,Bogotá,8610.53
24,16,35.8,2,12,8,F,Medellín,8083.84
69,1,34.3,2,20,9,M,Cali,8679.18
23,28,43.1,2,8,4,M,Barranquilla,7474.84
41,19,26.8,1,12,5,F,Medellín,7379.78
50,5,44.7,3,14,1,F,Barranquilla,7467.85
66,7,39.1,2,12,4,F,Barranquilla,7014.32
46,28,45.9,1,16,3,M,Bogotá,8139.23
60,32,34.2,2,7,7,M,Medellín,9102.34
39,2,32.8,2,8,7,M,Bogotá,6607.82
43,34,36.7,2,8,4,F,Bogotá,9890.25
45,4,36.6,1,7,7,M,Barranquilla,5591.81
67,26,46.5,3,15,5,F,Cali,8930.12
38,11,46.4,3,19,9,M,Barranquilla,10725.94
66,19,55.2,3,6,5,F,Bogotá,8015.67
24,19,36.0,4,16,3,M,Medellín,9854.04
34,8,13.2,3,6,9,M,Cali,8202.87
37,38,36.7,3,5,2,F,Cali,8950.94
58,3,41.8,4,4,8,F,Medellín,8869.39
66,18,45.7,2,16,4,M,Medellín,7530.24
37,37,42.4,3,7,9,M,Cali,9079.1
39,26,36.0,2,0,9,F,Bogotá,8122.29
45,12,53.7,2,15,3,M,Cali,7481.08
57,12,31.7,4,16,5,M,Cali,8652.46
66,21,37.8,2,2,3,F,Cali,7883.38
24,27,31.4,2,12,5,F,Bogotá,8377.0
18,21,40.2,2,7,9,M,Medellín,8712.45
49,18,52.7,2,15,7,F,Medellín,8857.98
30,7,38.9,2,23,7,M,Medellín,8540.36
47,7,38.9,3,6,5,M,Bogotá,8270.21
40,25,26.4,4,20,0,F,Bogotá,8269.29
68,25,37.7,4,14,0,M,Medellín,9376.56
36,22,49.2,2,23,2,M,Barranquilla,8358.48
49,12,38.0,5,1,1,M,Barranquilla,8431.39
47,27,37.5,3,23,0,M,Medellín,11582.1
46,8,48.8,2,1,0,M,Barranquilla,5309.9
66,19,37.5,4,9,5,F,Barranquilla,9706.62
62,18,50.3,3,4,6,F,Medellín,8341.53
46,38,29.7,3,3,7,M,Medellín,9281.63
47,11,45.4,2,14,2,M,Bogotá,7382.84
33,14,53.2,3,12,0,F,Barranquilla,6103.84
57,30,48.1,4,16,4,M,Barranquilla,11294.74
36,13,25.1,3,20,7,F,Medellín,8328.21
35,10,34.9,3,22,3,F,Cali,8155.42
18,25,38.1,3,0,1,F,Medellín,6248.04
31,26,48.1,4,17,8,M,Bogotá,10106.78
68,10,29.3,2,14,8,M,Cali,9197.71
64,37,31.8,3,13,2,M,Cali,9616.66
67,33,27.2,1,8,6,M,Cali,9735.45
19,18,33.4,3,11,0,F,Bogotá,6039.03
45,5,30.0,3,4,7,M,Barranquilla,6721.49
66,37,52.8,1,22,7,M,Medellín,10584.5
67,27,34.8,3,1,2,M,Bogotá,8662.98
47,0,45.5,2,22,4,F,Bogotá,7548.77
55,34,40.1,1,22,3,M,Cali,9490.8
68,39,40.0,2,6,6,F,Cali,9688.04
21,7,35.3,2,20,6,M,Bogotá,7626.89
18,6,46.2,2,8,7,M,Barranquilla,6807.25
25,10,41.2,2,17,4,M,Cali,7814.3
46,38,40.8,3,3,4,M,Bogotá,8840.73
56,3,35.3,4,1,7,M,Cali,7158.22
20,24,36.6,3,23,4,F,Medellín,7043.46
49,11,44.7,1,0,0,M,Medellín,4413.89
27,25,41.8,4,24,2,F,Medellín,11226.55
27,37,41.0,3,11,1,M,Cali,9128.96
36,11,34.0,1,12,9,M,Cali,6671.49
63,36,55.6,4,13,4,F,Barranquilla,10838.99
51,23,36.2,2,4,7,M,Medellín,7560.64
50,15,39.8,3,2,8,F,Barranquilla,8743.09
40,12,38.5,3,3,8,F,Bogotá,8272.39
45,24,55.6,2,16,0,M,Bogotá,7674.19
49,3,37.7,4,18,0,M,Medellín,7698.4
67,10,36.9,2,10,0,M,Barranquilla,5821.48
24,31,40.9,1,7,0,M,Cali,6032.21
46,6,34.5,4,11,8,M,Barranquilla,8095.7
25,10,40.9,4,17,0,F,Bogotá,7016.69
18,27,59.0,3,17,6,F,Barranquilla,10027.96
20,22,42.4,3,8,5,M,Bogotá,8935.32
41,22,42.1,1,4,8,M,Bogotá,7448.28
40,27,34.3,4,20,8,F,Barranquilla,10330.54
25,25,53.7,1,16,3,F,Cali,8116.99
64,24,55.5,1,12,8,F,Bogotá,9560.08
54,28,46.8,3,5,5,M,Barranquilla,8741.0
20,18,45.2,2,23,4,M,Bogotá,10165.29
68,32,38.1,1,21,8,F,Medellín,11146.8
50,35,43.1,2,13,6,F,Cali,10415.56
45,13,33.3,1,14,8,M,Medellín,6150.73
64,13,31.0,2,22,4,F,Bogotá,8274.69
25,34,28.1,1,13,3,M,Cali,8337.63
51,29,43.3,2,3,9,F,Barranquilla,9131.55
52,27,29.0,3,17,2,M,Barranquilla,9032.2
49,16,36.0,4,0,4,F,Cali,7707.85
41,2,39.5,3,11,8,F,Medellín,8439.34
31,15,48.0,3,21,2,F,Medellín,8236.74
49,29,35.4,1,8,0,F,Cali,6537.6
63,28,48.9,1,9,1,M,Barranquilla,7623.71
60,14,47.5,2,20,9,F,Cali,10431.01
33,24,31.4,3,17,4,M,Medellín,8597.92
21,37,49.0,3,16,2,F,Bogotá,10222.33
69,37,37.7,3,18,5,F,Barranquilla,11024.89
54,22,36.0,2,3,7,M,Cali,7462.35
38,24,37.8,1,15,5,F,Bogotá,10114.16
31,6,40.0,4,6,9,F,Medellín,6887.33
48,21,36.7,2,8,8,M,Barranquilla,9115.87
65,16,33.3,3,7,5,F,Cali,6799.35
35,17,34.0,3,24,4,F,Medellín,9951.54
24,9,41.1,3,6,3,F,Cali,8409.94
27,9,38.7,4,9,1,M,Cali,7601.13
24,6,44.2,4,7,5,F,Barranquilla,8153.46
50,37,40.4,3,23,1,M,Medellín,10699.13
40,26,40.6,3,16,4,M,Medellín,10162.81
38,32,44.7,2,11,0,M,Bogotá,8199.43
36,0,51.4,4,13,2,M,Medellín,8751.77
65,33,51.7,3,11,9,F,Medellín,10275.19
36,3,50.7,1,24,4,F,Barranquilla,8530.49
53,16,47.0,2,1,6,M,Bogotá,7472.16
46,3,56.7,1,11,7,F,Barranquilla,6230.25
35,25,43.5,3,13,6,F,Medellín,9067.93
19,3,42.6,3,6,6,F,Bogotá,4993.24
18,0,58.0,2,12,1,F,Barranquilla,2848.13
64,6,18.2,1,20,5,F,Bogotá,6793.36
22,29,38.3,4,3,4,F,Medellín,7794.07
37,8,50.0,4,0,8,M,Bogotá,7479.95
28,34,47.8,4,16,9,F,Bogotá,10309.17
59,7,60.5,2,2,3,M,Bogotá,6029.22
19,23,40.9,4,16,6,F,Medellín,9737.63
20,18,36.6,3,7,7,M,Medellín,7267.88
40,35,37.3,2,2,5,F,Bogotá,7234.81
29,26,42.5,1,9,2,M,Barranquilla,6337.42
37,31,53.0,2,1,4,M,Barranquilla,8689.27
22,13,53.1,1,21,0,F,Medellín,5525.13
54,17,39.6,5,3,7,F,Cali,9987.48
55,27,42.0,1,13,1,M,Barranquilla,9017.28
47,28,35.1,2,10,9,F,Bogotá,9156.5
26,15,35.9,3,13,6,F,Cali,8516.62
51,34,48.4,2,12,8,F,Medellín,9636.27
61,30,52.8,3,3,0,F,Barranquilla,8291.17
52,3,34.4,1,1,3,M,Cali,6557.15
69,36,41.9,4,1,6,F,Medellín,11070.42
39,16,38.1,2,10,8,F,Medellín,7723.68
61,38,46.9,3,21,1,F,Bogotá,9933.12
41,25,36.9,3,4,1,F,Barranquilla,7023.56
34,38,24.6,4,8,5,M,Cali,9937.64
27,3,48.0,4,19,2,F,Bogotá,8392.29
47,29,37.6,3,20,3,F,Barranquilla,9971.63
63,29,38.4,2,16,2,F,Cali,10719.83
40,21,43.5,3,11,0,M,Medellín,7678.58
49,10,42.8,4,17,5,F,Medellín,8826.7
34,1,43.6,4,2,1,M,Barranquilla,5943.63
67,11,27.0,1,4,1,F,Bogotá,6200.04
68,29,44.5,2,20,6,F,Cali,10177.23
34,35,24.7,4,19,4,M,Cali,9849.61
31,17,46.2,2,13,7,M,Medellín,6974.44
26,25,48.9,2,15,1,F,Barranquilla,7652.34
57,6,29.1,2,18,9,F,Bogotá,9774.91
19,0,42.6,3,8,7,F,Medellín,7006.89
62,25,48.5,5,16,6,F,Medellín,12296.59
42,22,36.4,3,21,9,F,Bogotá,10152.5
56,25,45.4,2,6,7,M,Cali,8570.29
26,5,17.7,2,9,2,F,Cali,3770.91
39,5,48.8,1,3,7,M,Barranquilla,6673.29
60,7,40.2,3,9,5,M,Medellín,8817.19
63,23,37.9,3,2,1,F,Barranquilla,6570.24
21,21,47.9,2,23,5,F,Cali,10484.1
43,18,53.8,3,8,4,M,Bogotá,7894.41
46,36,43.9,3,12,2,M,Cali,8661.88
62,17,52.9,2,0,0,F,Cali,5950.75
51,30,27.6,2,14,6,M,Medellín,9971.74
40,36,45.3,5,14,1,M,Cali,10396.41
54,29,38.9,2,10,0,M,Barranquilla,7491.07
28,32,33.7,4,9,0,F,Bogotá,8819.36
23,9,24.6,3,24,6,F,Medellín,9291.58
35,36,44.9,4,6,0,M,Bogotá,8509.36
38,11,47.0,4,0,8,M,Barranquilla,7349.59
59,29,50.7,3,6,5,F,Barranquilla,8839.01
53,26,49.4,4,4,3,F,Cali,9108.85
58,38,33.8,4,22,3,M,Barranquilla,10453.61
55,8,50.3,3,15,4,F,Cali,7759.39
51,20,51.2,2,24,1,F,Medellín,9093.37
34,11,37.9,2,7,4,F,Bogotá,5807.92
54,28,40.2,4,21,1,F,Cali,10616.18
42,32,32.5,3,1,3,F,Cali,7948.2
55,14,51.8,2,7,9,M,Medellín,10396.53
29,1,27.9,1,13,4,M,Barranquilla,4974.49
40,38,44.3,3,3,5,F,Cali,9055.58
59,17,35.2,2,23,5,F,Barranquilla,8857.45
39,2,31.1,3,14,8,F,Cali,9433.34
38,6,25.0,3,6,3,F,Barranquilla,7485.98
44,17,38.3,3,19,4,M,Cali,7860.16
48,37,29.9,1,7,5,M,Bogotá,8316.92
23,36,40.5,2,10,3,F,Bogotá,8391.33
44,32,54.2,2,1,5,F,Bogotá,7820.85
57,30,41.6,2,8,1,F,Cali,7721.9
51,10,56.0,3,5,6,F,Barranquilla,8331.72
29,3,32.1,3,22,2,F,Medellín,8916.8
62,17,29.8,2,0,9,M,Medellín,8302.64
24,3,31.8,1,2,3,M,Medellín,4848.32
27,33,39.5,2,9,8,F,Bogotá,8803.63
62,28,61.8,5,4,4,F,Bogotá,10810.87
34,23,26.7,3,11,8,M,Bogotá,9821.74
43,21,45.0,4,22,9,M,Barranquilla,10990.29
38,1,34.4,4,0,9,M,Bogotá,6659.53
45,5,38.2,3,8,9,F,Barranquilla,6597.82
63,24,29.9,3,20,9,M,Barranquilla,10061.44
19,20,47.0,2,12,5,F,Barranquilla,7373.01
60,15,39.6,3,18,7,F,Cali,8998.18
18,30,48.7,2,6,4,M,Medellín,8244.03
68,13,41.4,4,15,4,F,Barranquilla,9333.82
53,38,24.5,1,7,2,M,Medellín,8398.56
68,27,48.8,4,18,6,F,Barranquilla,10475.38
43,31,23.9,1,6,1,M,Barranquilla,7872.51
46,27,25.0,4,22,2,M,Bogotá,10616.65
38,8,32.7,2,3,1,M,Medellín,5464.07
28,21,32.8,3,9,7,M,Barranquilla,9109.49
57,31,51.2,3,24,3,F,Medellín,11408.02
28,4,38.6,2,0,9,M,Bogotá,5088.27
53,22,50.0,3,16,7,M,Barranquilla,10656.51
66,4,35.5,4,20,7,M,Bogotá,9172.57
56,31,42.5,1,12,7,M,Barranquilla,9526.21
57,9,43.8,4,18,7,F,Bogotá,9243.74
52,38,45.6,3,12,7,M,Bogotá,12193.77
51,14,36.3,4,8,8,F,Cali,9535.22
64,6,37.0,2,4,1,F,Barranquilla,6620.95
41,28,37.6,3,22,8,F,Barranquilla,10461.61
39,2,26.8,4,0,7,M,Barranquilla,6676.13
22,18,39.3,2,1,9,F,Medellín,7151.66
50,9,36.9,3,10,0,M,Cali,6811.76
53,27,44.6,1,3,4,M,Medellín,5764.06
64,28,40.7,2,8,1,M,Barranquilla,9681.93
37,14,50.7,3,4,9,F,Cali,8054.73
36,34,40.6,3,4,4,M,Bogotá,8910.45
52,5,35.5,3,24,7,F,Cali,8460.7
69,11,40.5,1,7,8,F,Bogotá,8823.5
60,37,45.8,2,1,8,F,Barranquilla,10470.52
34,12,25.8,2,6,0,F,Barranquilla,6100.5
62,28,34.3,3,16,6,M,Bogotá,10642.78
60,18,34.4,4,10,7,M,Cali,11424.42
51,2,43.3,4,14,9,M,Medellín,9850.98
26,7,44.2,1,24,2,M,Cali,6060.1
43,7,40.8,4,2,5,M,Bogotá,7166.59
19,19,20.2,3,12,2,F,Bogotá,7605.0
26,3,26.8,3,17,8,F,Medellín,8016.04
26,20,38.1,1,19,2,F,Medellín,7959.98
57,2,36.0,3,19,1,M,Medellín,8757.99
34,7,40.0,2,2,8,F,Bogotá,6199.08
18,22,36.2,2,1,7,M,Barranquilla,6469.08
42,15,52.3,1,4,7,F,Cali,6046.09
60,12,21.6,2,19,1,F,Medellín,6271.25
57,2,42.4,1,4,5,F,Bogotá,5451.2
59,8,46.6,2,12,4,M,Cali,7012.17
42,13,45.6,1,7,1,M,Medellín,5648.7
56,12,46.3,3,15,4,M,Barranquilla,8186.32
52,6,47.4,1,17,3,M,Cali,6271.45
20,14,35.2,3,24,8,F,Cali,9187.61
67,6,31.2,1,15,0,M,Bogotá,6833.41
54,37,23.7,4,0,5,M,Bogotá,8737.3
61,33,37.1,4,7,6,F,Bogotá,10110.57
61,21,33.8,2,20,5,F,Barranquilla,11287.72
68,23,49.3,3,1,4,F,Cali,9059.64
47,36,37.7,1,23,3,M,Medellín,10162.78
55,0,31.8,4,4,4,F,Barranquilla,6840.79
51,9,30.5,3,14,8,F,Medellín,8164.25
29,15,55.9,1,13,4,M,Medellín,6787.57
36,7,39.8,2,2,9,F,Bogotá,6375.17
54,24,33.7,1,6,7,M,Medellín,7979.51
61,11,41.0,2,3,6,M,Medellín,7044.71
66,24,55.2,3,10,3,M,Barranquilla,8295.24
34,16,36.9,3,11,9,F,Bogotá,9280.33
27,25,45.5,2,14,4,F,Medellín,7878.71
66,13,49.5,1,5,6,F,Medellín,8770.38
64,35,24.9,2,23,5,M,Medellín,12033.2
29,22,34.9,1,0,2,F,Cali,4079.26
33,5,48.5,4,17,9,M,Cali,9089.93
41,4,34.4,1,13,2,F,Bogotá,7107.63
36,24,43.3,3,23,1,M,Barranquilla,9959.66
25,17,33.9,2,6,2,M,Bogotá,6184.76
48,12,36.4,2,9,9,M,Cali,6225.81
38,13,35.5,3,8,0,M,Bogotá,6308.45
34,27,45.1,3,1,8,M,Barranquilla,8574.79
40,17,41.6,2,7,1,M,Bogotá,4879.22
54,27,40.8,3,21,2,M,Medellín,10532.7
33,26,60.1,3,0,4,M,Barranquilla,7045.02
23,31,53.9,2,19,9,M,Barranquilla,10684.54
25,8,24.2,3,1,3,M,Barranquilla,5453.46
42,39,36.5,3,6,4,M,Bogotá,9033.16
35,31,59.4,1,24,5,M,Bogotá,10759.26
42,19,35.4,3,15,4,F,Medellín,8926.03
29,27,56.7,1,21,9,F,Barranquilla,12228.22
32,32,36.6,2,3,0,M,Medellín,8191.33
43,3,38.1,3,20,5,F,Barranquilla,7476.54
58,33,46.9,4,16,8,M,Cali,12762.95
62,2,39.3,4,3,2,F,Bogotá,5970.19
43,25,44.0,1,2,1,M,Medellín,5235.55
64,7,52.6,2,8,5,F,Bogotá,6228.1
49,5,46.1,3,21,2,M,Bogotá,7949.98
27,15,41.1,1,14,3,F,Cali,7576.2
33,23,53.4,4,19,5,M,Cali,10372.69
24,38,47.0,3,2,5,F,Barranquilla,8991.77
34,29,34.1,4,11,1,F,Cali,6119.84
40,12,55.8,1,14,2,F,Barranquilla,6693.79
43,4,45.1,2,19,8,M,Cali,7609.51
38,24,38.3,4,7,1,F,Cali,6720.52
39,19,23.8,3,11,2,F,Medellín,6608.91
24,17,29.0,4,20,8,M,Cali,9951.74
31,17,53.6,1,12,3,M,Medellín,7505.21
32,1,53.9,3,14,0,F,Cali,5640.18
24,9,40.7,3,10,1,M,Medellín,6801.77
26,11,25.8,1,16,2,F,Bogotá,6890.13
68,12,31.3,3,20,8,F,Barranquilla,10393.19
65,10,27.0,3,23,8,M,Cali,9503.39
25,18,26.7,2,11,5,F,Medellín,6887.63
67,34,56.2,2,19,5,F,Cali,11280.22
40,38,56.5,3,17,2,M,Medellín,9754.95
46,25,31.0,3,15,4,M,Medellín,9732.31
35,13,39.9,4,2,3,F,Cali,5967.1
48,23,29.7,2,8,9,F,Barranquilla,9050.26
47,0,39.9,2,6,9,F,Medellín,7519.05
69,21,53.1,5,18,8,M,Bogotá,12114.67
56,22,48.6,4,4,8,F,Cali,8676.61
52,18,46.5,1,18,0,F,Bogotá,6293.15
35,17,38.4,4,9,7,F,Medellín,7905.18
59,11,50.1,1,19,8,M,Medellín,9376.41
56,27,45.2,1,11,4,F,Cali,8193.23
34,27,43.2,2,7,3,F,Barranquilla,7117.58
31,32,39.1,2,2,9,M,Bogotá,8779.69
48,18,42.5,4,18,3,M,Barranquilla,7948.73
41,27,42.3,3,10,1,F,Bogotá,8009.78
52,36,35.7,5,7,8,M,Barranquilla,10270.12
61,25,33.8,3,12,4,F,Cali,8191.57
62,34,32.0,2,22,2,F,Bogotá,9878.34
51,33,32.5,3,22,5,M,Cali,13020.24
20,34,38.5,5,9,8,F,Barranquilla,10983.22
54,39,37.2,3,17,8,F,Barranquilla,10763.52
60,15,35.0,4,11,4,F,Barranquilla,9813.73
57,37,34.4,4,6,7,F,Cali,9475.66
43,12,42.3,1,10,3,F,Medellín,7683.34
40,22,51.0,3,9,4,M,Medellín,7699.78
61,21,39.9,4,2,6,F,Bogotá,8831.13
56,15,39.4,5,6,6,F,Cali,10779.5
32,27,32.5,2,3,6,M,Cali,7227.2
66,34,38.2,3,7,7,M,Cali,11653.19
21,7,49.5,3,7,4,M,Barranquilla,6409.79
46,21,48.3,2,5,0,M,Cali,6584.82
39,20,47.7,3,12,8,M,Medellín,8621.64
42,25,47.5,2,11,8,M,Bogotá,10312.43
30,39,43.5,2,2,6,M,Medellín,8066.01
35,20,43.2,2,5,5,M,Cali,8747.13
50,24,42.0,3,21,4,F,Bogotá,9617.78
33,0,36.7,2,18,4,F,Bogotá,6471.26
62,5,40.7,3,10,2,M,Cali,7963.66
59,22,41.7,2,3,9,F,Cali,8433.72
61,22,45.1,2,14,0,F,Medellín,8372.24
19,22,40.8,1,1,5,F,Medellín,4919.8
52,31,56.8,2,14,7,F,Barranquilla,10300.16
59,29,30.3,3,16,1,F,Barranquilla,9666.35
51,12,46.0,4,1,7,M,Barranquilla,9324.44
47,17,39.7,2,6,7,M,Cali,7367.76
30,22,40.0,1,15,9,F,Cali,8980.0
30,14,33.5,3,4,7,M,Barranquilla,8220.68
35,32,48.2,2,15,9,F,Barranquilla,10292.1
49,20,45.2,5,24,2,F,Medellín,11651.94
49,38,46.7,3,18,9,F,Barranquilla,13924.12
52,22,41.4,2,1,7,M,Barranquilla,7724.67
56,26,37.4,2,14,3,F,Bogotá,9879.9
63,17,39.5,3,3,2,F,Barranquilla,7699.37
69,23,43.5,1,1,8,F,Bogotá,8623.46
46,39,24.0,1,22,7,M,Barranquilla,11234.01
66,6,47.0,2,9,9,F,Bogotá,9068.2
46,19,59.4,4,21,1,M,Barranquilla,10581.23
61,26,43.8,3,23,7,F,Medellín,11365.78
33,5,37.8,1,4,2,F,Cali,4227.22
61,26,38.7,3,17,9,F,Bogotá,11365.8
64,8,45.7,2,3,5,M,Cali,5623.02
27,30,37.9,3,0,4,F,Medellín,7938.4
47,20,46.9,2,17,7,F,Barranquilla,10015.2
42,25,38.6,3,19,8,F,Barranquilla,10365.91
56,39,53.7,5,5,6,F,Medellín,11160.84
37,12,53.5,1,19,5,F,Cali,8696.99
22,22,37.4,2,19,5,F,Cali,9248.72
18,19,39.4,2,13,0,M,Cali,7362.43
47,36,39.8,2,9,4,F,Cali,9653.6
66,27,39.9,2,17,7,M,Bogotá,10433.54
20,16,32.4,4,8,5,F,Cali,7714.1
62,27,31.3,4,11,0,M,Bogotá,9337.36
31,1,50.0,2,9,4,F,Medellín,7147.79
47,24,48.7,3,23,4,M,Barranquilla,10596.92
67,5,48.6,3,23,2,F,Bogotá,10008.13
21,10,39.4,3,20,7,M,Cali,7089.8
35,37,55.1,2,18,8,F,Barranquilla,11178.79
54,5,39.8,2,5,5,M,Bogotá,6513.12
42,10,46.9,3,13,5,F,Barranquilla,6780.85
65,13,28.9,2,24,1,F,Medellín,7466.34
18,1,38.2,4,7,9,F,Cali,7612.06
63,39,38.8,4,22,1,M,Medellín,11702.7
32,2,39.5,1,13,5,M,Barranquilla,6744.87
26,34,29.4,1,10,7,M,Medellín,6333.56
32,32,45.6,4,23,1,F,Cali,11359.53
66,23,48.2,3,15,8,M,Bogotá,11474.44
41,18,34.0,4,19,8,F,Medellín,9248.39
21,17,30.8,1,5,3,F,Cali,6673.4
29,23,33.8,3,14,3,F,Barranquilla,9784.33
54,34,44.0,3,14,3,F,Medellín,8943.08
54,0,35.2,4,13,4,F,Bogotá,7824.11
60,35,38.9,1,20,7,F,Medellín,10842.05
23,24,31.4,2,11,1,F,Barranquilla,5547.89
56,33,55.8,2,1,4,M,Barranquilla,8032.97
63,24,40.6,4,7,1,M,Barranquilla,9767.28
41,15,49.2,4,18,7,F,Medellín,9335.02
28,33,43.9,5,13,0,F,Medellín,11021.43
30,28,39.7,5,4,6,M,Medellín,9560.34
51,18,39.3,1,23,2,F,Bogotá,7831.4
42,22,34.2,1,8,3,M,Cali,6919.1
24,18,36.4,1,12,7,F,Medellín,6255.23
69,24,31.9,2,8,2,F,Bogotá,8326.09
21,15,31.1,4,13,6,M,Barranquilla,8297.69
25,8,56.7,4,4,0,M,Medellín,5754.53
37,0,42.2,2,1,8,F,Medellín,4621.12
46,18,51.7,3,6,5,F,Medellín,8020.76
68,32,33.6,4,15,2,M,Bogotá,10628.1
62,33,30.0,3,10,6,M,Medellín,8943.73
63,15,32.2,1,10,4,M,Medellín,8122.9
27,39,36.6,3,22,7,F,Cali,11606.33
60,17,40.3,2,11,7,M,Bogotá,8005.85
51,33,38.8,3,12,8,F,Cali,10460.66
43,24,33.8,2,7,5,M,Cali,8511.54
58,5,40.7,1,23,3,M,Cali,8916.21
66,20,41.4,5,15,1,M,Cali,11140.56
20,5,45.6,3,20,2,M,Barranquilla,8824.18
23,31,51.8,3,0,4,F,Medellín,6567.68
22,38,37.1,5,12,7,F,Cali,10418.48
22,30,49.7,2,10,9,M,Bogotá,8074.56
64,9,40.5,2,3,1,F,Medellín,6860.28
40,29,27.8,4,3,4,F,Cali,8258.7
66,17,54.3,2,14,8,F,Cali,10614.68
26,23,58.2,4,2,1,M,Bogotá,6169.25
52,8,45.0,2,23,7,M,Barranquilla,8723.65
37,30,40.7,1,18,2,F,Bogotá,7856.88
66,14,37.8,3,20,7,M,Barranquilla,11127.74
59,3,36.3,2,1,3,M,Barranquilla,6040.11
52,39,49.7,4,5,3,M,Barranquilla,8242.28
67,8,39.9,3,21,6,M,Cali,9260.6
35,8,53.4,4,23,4,F,Cali,10143.55
34,25,40.3,4,7,3,F,Barranquilla,9285.32
41,3,36.7,2,16,6,M,Barranquilla,7766.41
20,16,35.2,4,4,2,F,Cali,6832.58
49,15,34.1,3,1,8,F,Barranquilla,6911.99
52,14,44.1,3,11,4,F,Cali,9057.65
55,34,29.6,4,4,2,F,Barranquilla,7961.46
30,4,33.5,3,9,1,F,Cali,4563.42
64,4,50.6,3,8,6,M,Bogotá,8005.13
42,19,32.4,3,19,6,F,Barranquilla,9181.4
26,14,46.9,2,7,4,F,Barranquilla,7192.34
21,17,23.5,2,0,3,M,Bogotá,5725.1
31,1,51.6,3,23,1,M,Medellín,8955.22
54,28,29.8,2,5,1,M,Barranquilla,7660.64
51,12,33.0,1,23,6,F,Medellín,9537.86
28,3,45.4,1,21,9,F,Bogotá,7259.91
58,9,42.2,3,10,6,M,Barranquilla,8772.27
20,30,47.2,2,2,3,F,Medellín,6726.72
45,7,29.8,4,14,3,M,Barranquilla,7516.82
46,2,37.7,2,10,3,M,Barranquilla,5453.48
26,8,35.1,3,23,1,F,Cali,9010.4
20,29,31.1,2,4,8,M,Medellín,7861.0
42,10,44.8,3,15,0,F,Cali,6691.27
51,34,47.5,2,20,7,M,Cali,11549.96
29,36,37.3,5,6,5,M,Medellín,9532.54
59,12,52.2,4,5,9,M,Medellín,8479.24
26,35,33.7,4,8,6,F,Cali,11937.24
32,12,52.0,4,6,4,M,Barranquilla,6592.98
57,11,44.5,2,2,5,M,Barranquilla,8204.59
42,36,30.2,3,10,5,M,Bogotá,8934.69
22,9,55.9,3,11,8,F,Barranquilla,8529.3
28,8,36.4,3,20,9,F,Medellín,9004.72
51,6,49.6,4,24,3,F,Medellín,10068.13
41,1,41.2,3,10,4,F,Bogotá,5617.42
32,22,43.0,5,1,3,F,Medellín,6721.75
55,38,47.2,2,0,0,M,Cali,8236.55
25,39,46.8,4,23,9,M,Bogotá,11082.86
22,38,37.3,3,23,5,M,Bogotá,9974.6
65,20,44.3,3,1,4,M,Barranquilla,7737.72
43,22,43.7,2,13,3,F,Barranquilla,7115.18
35,28,41.7,4,12,5,M,Cali,8747.15
23,13,38.4,4,23,4,F,Cali,8922.15
54,25,41.7,2,4,2,F,Barranquilla,5607.88
65,4,55.7,3,1,1,F,Barranquilla,4979.78
30,30,37.6,2,22,5,M,Cali,10926.11
45,24,49.7,5,22,3,F,Barranquilla,11796.03
22,30,35.0,3,18,9,M,Bogotá,12247.12
30,19,32.9,2,16,2,F,Cali,8059.29
34,16,66.2,2,10,7,M,Barranquilla,9264.29
67,1,44.3,3,15,8,M,Medellín,8482.27
57,24,44.5,1,19,6,F,Medellín,9342.81
62,12,44.8,3,17,1,F,Cali,8752.32
49,38,51.3,4,19,7,M,Medellín,10699.45
46,27,43.3,4,7,4,M,Medellín,9536.12
68,5,46.5,1,1,9,F,Bogotá,6218.45
20,2,31.5,5,16,6,F,Cali,7887.59
57,34,47.9,3,10,4,F,Medellín,10661.31
51,17,38.1,2,13,1,M,Barranquilla,6224.82
57,10,45.4,1,15,3,F,Cali,7350.13
44,19,26.3,2,14,4,M,Cali,8352.78
30,4,45.0,4,14,5,F,Medellín,7500.72
62,18,22.1,1,2,4,F,Medellín,6391.36
50,21,37.8,2,6,9,F,Bogotá,8585.35
23,18,26.4,4,11,0,M,Barranquilla,7948.95
41,15,45.1,3,21,0,M,Bogotá,8275.57
36,23,40.6,4,21,2,M,Bogotá,8767.16
33,3,33.8,3,22,8,M,Barranquilla,8349.67
57,14,51.5,1,23,1,F,Medellín,7998.48
45,24,32.8,4,2,9,F,Bogotá,8436.22
50,34,15.8,2,18,4,F,Cali,9818.54
65,13,44.1,3,9,8,M,Bogotá,9119.79
58,18,25.9,3,7,6,M,Barranquilla,8390.38
30,37,33.1,2,15,7,F,Bogotá,9188.49
60,35,35.9,5,15,1,F,Bogotá,10942.33
62,6,28.6,3,11,4,M,Cali,8609.64
42,29,36.1,1,22,8,M,Barranquilla,10387.14
59,18,28.8,4,4,0,M,Cali,8184.86
53,24,41.3,3,19,0,M,Medellín,9231.63
44,15,30.2,3,5,9,F,Barranquilla,7643.19
55,39,40.2,3,24,7,M,Bogotá,13066.27
24,7,49.3,4,5,1,F,Cali,5073.68
22,17,46.3,1,7,8,F,Cali,6597.86
60,27,39.3,2,16,9,F,Barranquilla,10356.47
62,15,32.1,3,11,8,M,Cali,9673.71
68,18,41.3,1,21,3,F,Barranquilla,9899.16
48,16,34.4,3,13,1,F,Medellín,8433.18
40,12,41.6,2,1,2,F,Barranquilla,6200.9
59,6,26.3,2,18,9,M,Barranquilla,9501.18
27,26,46.5,1,5,0,F,Medellín,6855.69
49,9,40.3,3,17,2,F,Medellín,7079.4
60,33,57.7,4,3,4,F,Bogotá,11429.34
47,35,50.4,2,21,2,M,Cali,11038.78
56,24,44.5,3,4,2,M,Medellín,7722.71
48,5,39.0,2,5,9,F,Medellín,7382.05
35,23,34.2,3,14,5,F,Cali,7857.24
53,17,47.5,1,5,2,M,Cali,6189.63
19,22,38.2,3,7,2,M,Bogotá,6774.3
31,5,49.3,3,8,8,M,Bogotá,7134.98
30,28,43.2,4,20,1,F,Barranquilla,10389.54
46,24,43.3,2,21,0,M,Bogotá,8822.92
29,16,44.8,4,5,9,M,Medellín,7621.49
56,23,32.6,3,21,7,M,Medellín,9708.59
19,10,31.8,4,1,2,M,Cali,4200.14
49,25,31.5,2,15,6,F,Bogotá,9901.27
30,33,48.4,2,19,1,M,Barranquilla,8916.31
63,27,32.4,4,0,7,F,Barranquilla,9724.74
44,2,33.4,1,15,8,M,Barranquilla,9673.06
66,10,44.3,1,0,7,F,Barranquilla,5795.42
58,37,38.0,1,0,7,F,Cali,8641.58
34,13,37.0,4,6,7,F,Bogotá,9219.56
57,25,36.3,1,15,6,F,Bogotá,8578.31
48,20,21.4,4,16,1,M,Bogotá,8469.62
51,38,32.3,3,15,7,F,Bogotá,11423.76
41,29,49.5,1,15,4,F,Barranquilla,10721.82
62,7,35.7,2,5,5,F,Barranquilla,7254.6
52,19,24.8,2,17,3,F,Cali,7657.76
65,31,31.9,3,21,0,F,Cali,9526.0
23,21,42.9,3,21,4,M,Barranquilla,8827.77
36,6,42.7,3,2,2,F,Medellín,4204.83
47,8,37.6,1,7,8,F,Bogotá,6691.53
24,0,34.5,3,3,3,F,Cali,5083.47
27,28,28.8,4,22,9,F,Barranquilla,11323.84
58,7,42.9,3,3,1,F,Bogotá,5053.6
49,3,46.7,4,16,3,M,Bogotá,8461.74
51,34,50.3,2,21,2,M,Barranquilla,9382.34
45,2,31.1,4,4,2,M,Medellín,5940.35
32,39,50.9,2,24,4,F,Medellín,10269.42
47,6,39.5,1,13,0,F,Cali,6731.22
54,26,40.2,4,14,4,M,Barranquilla,9464.84
46,0,47.1,4,24,7,F,Cali,10712.98
39,26,35.7,3,11,9,M,Medellín,9819.55
21,15,22.7,2,12,8,F,Cali,7941.39
37,37,45.6,2,23,0,F,Cali,9895.62
49,6,42.8,3,22,1,F,Medellín,7505.19
53,22,37.1,4,17,1,M,Bogotá,9706.32
67,10,45.0,1,13,5,M,Bogotá,7366.05
21,32,46.6,4,23,0,M,Medellín,10298.09
44,35,27.9,2,18,0,M,Bogotá,9461.64
34,36,40.2,4,21,1,M,Barranquilla,12078.68
29,16,21.8,4,6,3,M,Bogotá,7528.7
39,34,39.0,2,5,1,F,Medellín,8345.3
34,4,37.0,2,4,3,M,Barranquilla,5833.42
27,31,43.9,4,3,2,M,Cali,7893.51
18,2,31.4,3,17,2,M,Medellín,7064.28
39,34,36.6,3,24,8,M,Medellín,11624.58
43,13,14.3,3,13,7,F,Bogotá,7959.17
35,30,44.5,2,15,9,M,Barranquilla,9170.62
67,30,39.3,4,22,8,M,Medellín,12926.68
31,16,40.7,2,22,0,M,Barranquilla,7350.97
64,23,28.1,4,19,4,M,Barranquilla,10944.26
46,22,43.2,2,13,3,F,Bogotá,8221.75
29,17,53.2,3,4,8,F,Medellín,7735.65
53,13,38.5,2,21,2,F,Barranquilla,7671.64
52,14,45.2,2,10,4,M,Barranquilla,8638.63
69,14,33.0,2,11,7,M,Cali,8245.89
29,5,39.4,3,17,9,M,Bogotá,9825.27
24,26,27.7,3,3,4,F,Medellín,6600.93
46,14,46.3,4,12,8,F,Barranquilla,10710.64
28,35,41.3,2,19,1,M,Bogotá,9166.65
50,7,30.2,3,12,5,M,Medellín,8391.58
23,14,33.6,4,3,4,M,Barranquilla,5818.56
64,2,40.5,2,22,8,F,Medellín,8063.21
32,12,47.4,2,22,6,M,Medellín,9017.4
49,33,51.8,3,6,7,F,Bogotá,8950.9
68,23,38.9,2,22,6,F,Bogotá,11526.69
28,39,29.1,2,1,9,F,Cali,8967.7
40,31,41.9,3,20,9,F,Cali,10793.16
43,31,54.3,2,17,4,M,Cali,8973.47
51,29,27.0,3,20,4,F,Barranquilla,9969.17
63,12,32.4,4,5,3,M,Cali,7266.74
51,0,44.9,3,15,1,F,Medellín,7344.73
46,33,41.2,3,2,8,M,Bogotá,9186.61
21,14,35.6,1,21,9,F,Medellín,9433.7
34,13,41.8,4,14,9,F,Bogotá,10002.78
52,28,47.8,2,20,9,F,Bogotá,10263.42
30,33,39.2,3,19,9,M,Medellín,10717.56
58,17,38.5,5,9,2,F,Medellín,8175.89
56,6,44.7,3,8,2,F,Barranquilla,6219.61
32,28,37.8,3,10,2,F,Bogotá,6770.78
46,30,49.1,2,13,7,F,Cali,10499.5
46,24,56.2,1,23,5,M,Barranquilla,10706.86
28,37,32.9,4,11,0,M,Cali,8183.45
69,13,30.0,1,6,2,M,Barranquilla,5464.4
49,7,43.0,3,10,3,M,Bogotá,7678.74
19,26,29.7,1,16,1,F,Medellín,6465.0
64,1,29.6,4,24,5,F,Medellín,10523.26
31,16,23.6,2,8,9,F,Bogotá,7095.6
37,36,36.9,3,21,0,M,Medellín,8167.77
39,13,39.7,3,22,0,F,Bogotá,8146.29
28,24,35.9,3,12,7,M,Bogotá,8524.65
44,29,51.1,2,15,3,M,Bogotá,9204.33
20,28,50.5,3,2,0,M,Barranquilla,6458.37
34,19,55.4,2,4,6,F,Medellín,7842.23
61,20,40.4,2,22,8,F,Barranquilla,10809.5
45,21,49.5,2,16,9,F,Cali,10028.09
46,34,42.5,3,0,6,M,Bogotá,8860.12
38,36,41.7,2,20,0,F,Medellín,9355.0
64,15,36.3,5,8,0,F,Cali,7186.65
33,16,21.9,3,22,0,M,Bogotá,8384.92
54,15,45.1,2,16,7,F,Cali,9632.07
37,1,49.2,3,12,6,F,Barranquilla,7662.19
23,3,27.8,4,14,2,M,Barranquilla,6650.79
36,20,39.9,1,20,2,M,Medellín,8370.78
22,38,47.9,3,7,2,F,Cali,8737.8
20,33,37.1,3,7,1,M,Cali,8304.59
18,29,49.5,2,1,3,F,Barranquilla,6662.44
55,5,38.9,4,22,6,F,Barranquilla,8556.61
32,16,35.8,2,9,8,M,Medellín,7653.99
51,38,50.0,2,4,2,M,Bogotá,7686.07
52,24,32.5,4,15,9,M,Medellín,10436.6
66,4,34.2,3,24,6,M,Barranquilla,9632.23
42,4,32.8,4,18,3,F,Medellín,8914.05
41,19,30.9,3,0,0,M,Bogotá,6541.31
29,15,41.2,3,12,4,M,Barranquilla,7950.05
35,36,35.9,4,3,7,M,Bogotá,10552.0
32,39,43.9,1,6,2,M,Medellín,7736.4
61,8,26.1,4,0,9,F,Bogotá,8018.41
33,4,31.0,3,1,3,M,Barranquilla,5026.69
44,1,40.4,1,15,2,M,Barranquilla,5130.45
25,8,51.8,3,13,9,F,Bogotá,8847.54
63,35,43.0,1,4,7,M,Medellín,7645.52
42,21,35.3,3,24,9,F,Medellín,10194.5
34,21,28.1,3,13,7,F,Medellín,9053.51
46,21,34.8,5,16,3,F,Medellín,9192.81
25,33,39.7,2,11,1,F,Cali,7894.73
32,28,21.1,3,19,2,M,Cali,9154.4
44,37,30.3,2,11,2,F,Bogotá,8286.27
63,32,34.1,3,2,3,M,Cali,8530.63
67,17,37.9,3,20,1,F,Cali,9236.93
69,6,39.6,3,20,1,F,Cali,7486.53
24,0,35.1,4,1,2,M,Bogotá,5583.75
20,32,44.0,4,20,0,M,Cali,7995.31
46,0,41.0,1,24,7,F,Medellín,9547.74
61,23,37.0,2,20,5,M,Medellín,10247.26
41,3,45.2,3,14,2,F,Bogotá,7839.93
20,3,44.5,3,10,0,M,Bogotá,6136.86
37,17,28.4,2,9,2,F,Bogotá,6656.76
63,26,39.7,3,17,0,M,Barranquilla,8672.95
32,31,47.1,2,22,2,M,Cali,9506.84
42,32,48.5,2,21,3,F,Bogotá,10626.39
47,27,43.0,4,22,5,F,Bogotá,10461.87
31,35,38.1,2,23,6,F,Bogotá,10732.12
24,5,43.4,1,20,6,M,Medellín,5802.85
34,15,46.5,1,1,8,M,Bogotá,5820.8
61,33,40.9,4,6,7,F,Medellín,9711.57
37,22,41.8,5,6,3,M,Medellín,9976.28
53,23,38.0,3,23,5,F,Barranquilla,9425.05
26,12,29.3,2,6,0,M,Bogotá,5588.34
55,17,38.6,4,22,7,M,Barranquilla,12129.58
65,12,34.6,3,13,5,M,Bogotá,9468.33
39,36,34.6,4,24,1,F,Cali,12171.16
19,38,51.5,4,23,7,M,Bogotá,13283.46
41,16,47.6,2,1,3,M,Bogotá,6283.95
25,14,26.5,3,1,8,M,Bogotá,7242.58
28,17,31.3,2,22,3,M,Bogotá,8425.44
30,22,37.1,2,14,0,F,Bogotá,7631.11
34,29,34.9,4,10,6,M,Bogotá,9930.94
25,33,42.5,4,9,9,M,Barranquilla,11656.42
38,3,30.1,3,2,4,M,Cali,5914.92
35,2,47.7,3,16,9,M,Barranquilla,7707.48
47,6,39.6,1,8,4,F,Cali,6485.67
35,17,37.3,1,14,3,M,Barranquilla,7659.14
63,6,39.9,2,13,5,M,Barranquilla,7055.94
64,39,36.7,3,18,0,M,Bogotá,9740.22
48,5,23.8,3,16,2,M,Barranquilla,8037.67
55,21,40.1,1,21,6,F,Cali,8950.07
49,0,37.4,5,19,7,M,Medellín,9135.13
28,3,32.4,2,16,8,M,Cali,7076.82
62,28,48.8,4,15,0,F,Barranquilla,10018.1
42,20,45.4,3,19,3,M,Medellín,10093.59
50,25,59.5,1,7,1,F,Bogotá,7717.41
55,13,46.7,4,6,1,M,Medellín,7165.69
58,8,34.9,3,11,0,M,Bogotá,8003.95
25,11,32.8,3,0,4,M,Cali,6492.54
28,5,36.0,3,11,1,M,Medellín,6953.97
39,19,34.7,1,24,3,M,Medellín,9263.44
68,23,40.9,3,5,8,M,Medellín,8941.83
41,26,27.7,4,15,2,M,Bogotá,8484.62
58,37,45.2,1,17,7,M,Bogotá,10257.26
34,7,40.7,2,18,9,M,Cali,9272.98
29,0,44.3,4,22,5,M,Cali,7585.6
63,23,30.8,2,2,9,M,Barranquilla,7364.92
49,6,42.0,3,2,4,M,Bogotá,4923.98
32,18,50.4,3,4,1,F,Cali,5671.13
33,21,33.1,3,2,2,M,Medellín,6010.23
39,34,32.9,2,18,7,F,Medellín,10348.1
45,29,45.7,2,4,8,F,Medellín,7789.32
37,28,32.2,1,13,6,M,Cali,8937.56
50,21,38.1,3,20,0,F,Medellín,8937.56
27,10,51.8,3,15,5,M,Medellín,6417.7
57,19,33.0,3,24,6,M,Bogotá,10505.18
49,28,52.4,3,0,5,F,Bogotá,8364.23
67,33,37.3,2,16,9,F,Cali,12627.7
50,0,31.0,1,10,1,F,Bogotá,5308.63
19,30,44.8,4,8,8,M,Barranquilla,8191.58
50,29,40.9,3,20,2,F,Cali,10167.17
50,17,40.1,2,3,5,F,Barranquilla,7211.03
58,16,33.9,1,1,5,F,Barranquilla,6842.43
30,37,40.8,1,8,7,M,Cali,10791.56
47,13,23.5,2,21,3,M,Bogotá,7758.24
50,22,41.8,4,24,5,F,Bogotá,10494.9
30,24,50.4,4,4,0,F,Cali,7781.26
69,14,25.9,4,3,8,F,Barranquilla,10153.95
43,21,36.7,4,22,8,F,Cali,11582.34
39,2,33.0,4,4,6,F,Cali,6535.89
56,18,27.9,3,23,0,F,Medellín,9806.39
19,33,23.6,2,23,2,F,Medellín,10564.09
55,34,30.6,4,17,4,M,Barranquilla,10278.97
56,0,38.1,2,12,3,F,Bogotá,5710.95
43,20,49.2,2,4,4,F,Medellín,7237.69
63,28,27.8,2,23,6,M,Medellín,10932.92
67,5,42.4,3,18,8,F,Barranquilla,10578.25
32,36,41.8,2,22,0,M,Cali,9071.98
51,0,53.4,2,2,4,F,Medellín,5937.5
59,0,44.6,3,21,2,M,Bogotá,9309.52
61,26,45.0,4,17,2,F,Barranquilla,10399.18
66,20,45.6,3,5,1,F,Medellín,7417.83
57,15,32.6,4,5,5,M,Barranquilla,8670.16
28,39,35.4,2,23,5,M,Medellín,10346.71
20,25,48.9,2,4,2,M,Medellín,6883.6
23,15,23.6,3,0,0,F,Barranquilla,4979.87
26,27,34.5,3,7,6,F,Bogotá,8252.03
23,0,29.4,3,24,1,F,Bogotá,6773.72
26,35,41.9,4,0,7,F,Cali,8519.53
56,9,36.6,4,20,2,F,Medellín,9764.19
48,16,45.0,4,5,0,M,Cali,7406.98
49,22,39.1,2,19,9,F,Barranquilla,11170.54
58,6,27.6,2,13,8,M,Cali,6203.69
67,6,28.0,3,10,4,M,Barranquilla,7159.15
29,14,40.0,1,1,0,F,Bogotá,3972.45
25,33,33.8,2,20,9,F,Barranquilla,10268.84
25,3,35.7,2,3,5,M,Barranquilla,4434.9
67,13,47.5,2,12,9,F,Cali,7881.68
45,13,46.1,1,6,2,M,Medellín,6514.3
37,15,54.4,1,5,3,F,Cali,5666.44
64,6,37.5,3,2,7,M,Bogotá,7727.03
24,31,34.9,3,8,4,F,Bogotá,7420.85
28,18,43.3,3,13,5,F,Bogotá,7040.69
37,1,35.5,3,19,9,F,Medellín,8810.48
33,9,35.8,1,10,3,M,Cali,6388.15
21,16,38.4,2,4,5,F,Barranquilla,5868.56
23,36,53.2,1,13,2,M,Barranquilla,7399.34
39,11,45.6,4,18,9,F,Medellín,10998.42
43,5,46.5,3,7,0,F,Bogotá,5966.72
20,21,52.9,2,6,5,M,Medellín,6395.0
58,31,47.2,2,6,0,M,Barranquilla,6660.33
59,19,30.9,5,23,9,M,Bogotá,11467.77
31,0,47.1,3,22,2,F,Medellín,7206.04
28,5,48.1,4,2,7,F,Barranquilla,7571.79
35,18,45.2,2,2,6,F,Barranquilla,6919.65
29,17,38.4,2,17,7,F,Medellín,8492.61
40,5,44.4,4,12,9,F,Barranquilla,8073.71
29,32,39.8,3,0,9,F,Cali,9786.63
30,22,32.2,3,4,1,F,Cali,7454.19
42,22,34.2,3,3,9,M,Bogotá,9200.36
62,25,45.6,3,15,6,F,Cali,10185.32
68,12,32.8,3,14,3,M,Cali,8752.82
36,6,33.5,2,17,0,F,Medellín,4362.47
63,14,46.0,2,16,2,M,Bogotá,8366.96
53,26,41.1,4,13,4,M,Medellín,11419.81
62,25,44.6,2,13,9,M,Medellín,9614.71
25,32,30.2,3,18,7,F,Cali,9409.52
46,14,44.4,3,5,1,M,Cali,6622.1
49,35,34.7,5,12,1,M,Barranquilla,9496.35
68,26,31.9,2,17,7,M,Barranquilla,9459.19
61,4,36.0,2,14,8,M,Bogotá,8377.01
35,1,50.9,4,22,9,F,Cali,10318.1
23,32,37.1,4,6,0,F,Barranquilla,8130.74
35,15,57.6,3,18,1,F,Medellín,7381.95
36,22,23.5,3,16,3,F,Cali,7997.13
39,37,27.6,2,8,2,M,Bogotá,8465.86
54,15,50.6,3,10,0,F,Bogotá,8034.92
49,13,52.6,4,4,3,M,Medellín,7467.59
58,28,33.1,4,1,1,F,Barranquilla,7291.85
20,25,40.6,1,14,9,M,Medellín,9208.54
45,34,45.7,2,23,4,M,Barranquilla,12040.48
27,14,38.2,3,11,0,M,Cali,7587.05
68,2,41.2,5,9,7,M,Bogotá,10545.53
52,22,40.1,3,9,9,F,Barranquilla,9044.39
46,28,28.1,2,19,1,F,Medellín,9616.62
32,33,37.2,1,10,2,M,Cali,8628.72
50,32,40.1,3,9,2,M,Barranquilla,8501.8
24,22,40.8,1,6,3,F,Cali,5631.49
29,6,26.2,4,13,6,F,Cali,7089.11
66,2,46.0,4,12,8,F,Medellín,8967.19
47,31,41.0,3,4,2,M,Medellín,6945.44
38,30,31.6,2,18,0,M,Cali,9835.57
48,17,54.4,4,9,9,M,Cali,8728.98
41,6,37.2,2,7,0,M,Barranquilla,5740.46
37,0,37.7,2,17,5,F,Medellín,5220.02
54,13,45.1,4,0,4,M,Barranquilla,9002.71
21,31,55.1,4,4,9,F,Bogotá,10611.05
45,5,45.4,4,10,6,M,Barranquilla,6830.96
61,38,46.6,2,19,6,F,Cali,11488.04
37,9,32.0,1,10,2,M,Bogotá,5531.76
41,6,40.7,1,15,6,F,Barranquilla,7239.52
67,25,35.7,2,9,8,F,Bogotá,9898.75
66,33,45.6,4,14,7,M,Medellín,10913.54
68,29,46.4,2,6,2,F,Barranquilla,8293.11
49,35,53.1,3,14,9,F,Barranquilla,9853.89
58,20,22.7,2,24,4,F,Medellín,9637.05
53,16,35.0,2,15,7,M,Barranquilla,7182.77
51,32,50.4,5,5,1,M,Bogotá,10435.64
53,9,28.8,2,10,6,M,Medellín,6205.14
19,11,46.4,2,16,9,M,Bogotá,8506.46
32,15,49.1,2,14,9,F,Barranquilla,9379.4
51,31,39.8,1,15,6,F,Barranquilla,10843.32
53,14,28.6,3,23,7,M,Barranquilla,11452.68
23,26,39.0,2,1,0,F,Barranquilla,6975.12
56,27,51.7,3,3,7,M,Bogotá,9082.67
59,16,52.3,4,18,0,M,Barranquilla,10092.02
68,1,41.7,3,5,2,F,Medellín,6626.26
68,35,32.2,1,17,8,M,Medellín,10911.95
29,6,53.9,3,20,3,F,Cali,7517.33
20,12,46.6,1,10,9,M,Medellín,8552.2
62,14,32.7,3,8,8,M,Cali,8078.2
35,24,42.7,3,2,0,M,Medellín,5819.18
57,22,42.4,2,1,7,F,Medellín,8167.12
38,21,34.9,4,17,2,M,Barranquilla,7659.85
32,25,42.8,4,14,6,F,Medellín,9916.05
50,32,48.8,4,24,1,M,Barranquilla,12429.71
52,10,37.6,2,21,6,M,Barranquilla,9216.07
43,9,49.7,3,17,6,F,Medellín,8805.8
25,24,26.0,4,18,8,F,Bogotá,9523.01
53,36,57.7,2,14,1,F,Barranquilla,8248.68
65,37,40.5,4,16,7,F,Medellín,12703.35
47,23,48.6,1,17,4,F,Bogotá,8606.39
40,39,41.7,1,17,9,F,Medellín,11085.12
59,32,33.4,4,10,8,M,Medellín,9082.27
61,16,39.7,4,17,7,F,Bogotá,10926.09
31,23,24.7,4,22,2,M,Medellín,11114.12
31,36,45.5,4,2,2,M,Barranquilla,9550.54
19,1,41.6,1,12,9,M,Cali,6656.33
54,31,38.5,2,13,7,F,Cali,9031.92
22,23,46.0,4,3,8,M,Medellín,8637.44
55,8,40.3,2,17,1,M,Cali,7482.77
62,3,44.9,3,4,2,M,Cali,5947.01
58,16,47.7,3,13,7,F,Cali,9070.1
64,16,35.6,1,24,1,M,Barranquilla,10172.85
31,29,33.3,2,11,7,F,Barranquilla,8041.92
56,39,26.2,3,24,4,M,Cali,11249.9
42,10,41.0,4,6,5,F,Bogotá,8133.89
37,20,43.6,3,11,9,F,Bogotá,11043.73
19,20,29.4,3,7,3,M,Bogotá,6715.16
56,17,51.4,3,20,2,M,Barranquilla,7891.91
23,28,33.4,2,20,7,F,Barranquilla,7906.73
34,23,23.2,1,2,8,F,Barranquilla,8894.09
42,9,52.0,2,21,7,F,Barranquilla,7442.53
45,16,24.2,1,0,8,M,Cali,6428.78
19,17,47.7,2,2,0,M,Barranquilla,4080.43
52,19,45.8,2,10,4,M,Cali,7376.02
54,36,42.6,2,17,6,M,Bogotá,10090.4
22,17,35.8,1,6,7,M,Cali,5002.77
18,16,44.0,3,8,1,F,Bogotá,7525.23
57,8,48.4,3,3,3,F,Barranquilla,7095.61
29,13,32.1,1,22,6,F,Bogotá,7744.86
53,28,47.8,4,23,4,F,Bogotá,10882.12
62,30,47.4,1,9,0,F,Cali,8611.79
40,3,42.3,4,17,1,F,Bogotá,7686.49
64,17,35.7,1,22,4,M,Medellín,10604.04
48,19,47.5,4,15,5,F,Bogotá,9374.4
28,8,44.1,1,11,0,M,Barranquilla,5661.96
27,12,31.9,4,18,2,M,Bogotá,7188.37
20,14,37.1,2,23,5,M,Medellín,8089.9
31,26,46.6,3,21,5,M,Cali,10904.01
33,14,40.9,2,2,6,F,Bogotá,7441.56
27,27,48.7,1,7,9,F,Medellín,9678.55
46,36,37.3,4,18,2,M,Barranquilla,11005.55
27,18,32.0,1,8,0,M,Barranquilla,6543.61
29,25,57.5,4,18,6,F,Cali,10946.61
47,25,26.6,1,16,2,F,Barranquilla,7563.58
58,24,36.0,3,12,4,F,Medellín,7938.73
18,25,42.2,3,1,3,M,Bogotá,6617.83
22,25,47.9,2,3,0,F,Medellín,5212.27
37,27,45.2,2,10,6,F,Cali,9506.68
25,17,58.5,4,1,3,M,Bogotá,7971.58
60,31,39.1,4,3,0,M,Medellín,7614.08
29,2,33.0,4,3,5,F,Cali,7129.72
18,1,38.2,2,19,3,M,Cali,5538.76
37,32,37.4,3,0,3,M,Bogotá,8801.7
45,18,39.5,2,24,1,M,Bogotá,8608.17
60,16,32.1,2,10,0,M,Barranquilla,7328.51
54,32,46.3,4,22,2,M,Barranquilla,12303.99
64,11,43.0,2,1,9,F,Bogotá,8022.51
54,2,29.9,2,18,4,F,Barranquilla,7311.63
29,25,47.7,2,7,8,F,Bogotá,9080.23
54,34,33.5,3,22,6,F,Barranquilla,10638.53
66,7,30.5,4,19,3,F,Medellín,7504.3
66,35,40.7,3,3,7,M,Cali,10737.32
61,6,25.9,3,24,3,F,Bogotá,7823.38
45,35,44.7,4,15,5,F,Bogotá,11632.98
64,15,17.3,3,14,0,M,Bogotá,7852.49
32,23,31.8,1,4,5,F,Medellín,6585.4
23,0,52.6,1,4,9,F,Cali,4887.99
61,24,34.5,1,14,4,F,Barranquilla,8082.27
37,9,35.9,3,22,1,F,Barranquilla,8034.38
67,15,50.2,4,16,0,M,Cali,9206.86
31,15,33.7,2,2,5,M,Barranquilla,5498.06
19,7,46.1,2,17,1,M,Bogotá,7061.4
26,28,49.4,4,10,8,M,Cali,10576.74
54,38,43.8,4,5,8,F,Medellín,11134.11
37,27,28.4,3,11,0,F,Cali,7480.06
43,5,35.2,2,21,4,F,Bogotá,8510.57
46,15,61.7,1,16,7,F,Cali,9092.35
18,19,36.1,1,13,3,F,Medellín,5108.19
52,15,63.9,1,5,2,F,Medellín,6627.55
23,6,53.7,2,9,4,F,Cali,7787.03
54,13,44.2,3,15,4,M,Cali,9430.54
22,25,42.4,1,17,7,M,Barranquilla,9548.76
50,25,36.3,1,19,5,M,Barranquilla,8513.6
66,13,39.3,2,5,1,M,Bogotá,6680.01
68,6,34.5,3,18,0,M,Barranquilla,7710.99
31,32,39.5,3,2,2,M,Bogotá,7565.71
29,25,29.1,3,11,1,M,Bogotá,7270.06
59,19,28.7,2,15,3,F,Cali,7337.27
37,2,50.4,2,2,2,F,Barranquilla,5032.47
67,3,27.1,1,15,8,F,Medellín,7096.99
41,25,47.1,2,3,4,F,Medellín,7860.32
60,10,24.8,4,24,3,M,Cali,9627.45
51,1,45.0,5,19,9,M,Medellín,8568.24
42,13,38.3,3,12,8,M,Medellín,9809.96
67,29,50.6,4,3,3,M,Cali,9562.26
46,11,37.3,3,3,5,F,Medellín,6583.13
56,25,23.9,1,6,9,F,Cali,8009.39
48,32,38.5,5,20,0,F,Bogotá,9755.0
64,12,41.3,1,11,1,F,Barranquilla,6649.57
60,13,38.9,3,1,3,M,Medellín,7388.44
67,23,44.6,2,15,8,M,Cali,11479.93
40,33,35.5,2,6,5,F,Medellín,8321.56
61,25,29.9,3,18,5,F,Barranquilla,10172.68
55,20,32.0,2,10,8,F,Medellín,9709.02
37,27,35.9,2,0,3,F,Bogotá,5796.45
40,35,35.8,2,8,2,F,Cali,8313.49
62,39,59.2,2,4,6,F,Barranquilla,9133.0
69,1,50.0,5,16,6,M,Bogotá,9779.93
33,8,45.5,4,0,8,M,Medellín,7996.9
67,22,43.6,3,16,5,F,Medellín,8687.27
59,14,42.4,2,11,1,M,Medellín,8139.93
25,12,42.4,4,24,5,M,Barranquilla,9888.75
67,22,41.3,2,12,7,M,Cali,9506.43
38,16,40.3,2,23,5,F,Barranquilla,10171.3
18,1,23.3,2,10,8,M,Bogotá,5546.97
25,19,37.0,4,12,3,M,Cali,7168.15
46,19,38.1,1,12,2,M,Barranquilla,6261.96
49,2,34.0,1,5,4,M,Medellín,5721.17
55,11,35.6,3,21,2,M,Bogotá,8313.03
22,39,42.4,2,5,1,M,Medellín,6907.17
64,1,46.1,3,19,1,M,Barranquilla,7069.62
39,35,42.4,3,20,3,F,Bogotá,10550.81
64,13,45.9,2,9,2,M,Cali,7286.47
51,15,46.1,1,18,8,M,Cali,7791.47
18,18,37.6,1,2,6,M,Barranquilla,4785.66
43,33,44.2,4,6,5,F,Barranquilla,9176.5
60,5,26.0,4,4,9,M,Cali,8804.47
27,12,36.9,2,7,7,F,Cali,6587.79
47,35,36.0,1,4,8,M,Barranquilla,7413.81
67,21,52.3,1,11,2,F,Cali,7790.2
35,17,42.7,3,3,9,F,Bogotá,8065.94
34,11,29.3,3,18,6,F,Barranquilla,7341.46
43,29,44.8,2,17,8,M,Bogotá,9232.77
25,39,47.3,3,2,0,F,Medellín,8289.65
64,6,39.3,3,6,9,M,Bogotá,7205.16
57,31,45.5,4,7,8,M,Barranquilla,11156.37
66,18,20.0,1,14,6,M,Medellín,7032.61
29,5,18.4,2,20,9,F,Cali,6893.47
44,19,30.6,1,16,3,M,Bogotá,7617.52
25,26,41.2,4,18,5,F,Bogotá,9379.29
42,36,52.3,4,3,5,M,Barranquilla,9146.67
63,6,31.0,3,15,5,M,Cali,8441.32
21,4,33.2,1,12,1,M,Barranquilla,4531.68
50,10,40.7,2,11,4,M,Cali,6521.99
18,14,36.1,2,3,6,M,Barranquilla,6563.9
36,2,35.6,3,11,5,M,Cali,7058.57
48,4,36.6,2,16,2,M,Medellín,6923.6
33,22,50.5,1,8,4,F,Barranquilla,7087.99
31,36,48.9,3,11,7,M,Medellín,9466.95
65,8,40.2,2,14,4,M,Barranquilla,7039.66
22,14,53.2,3,19,9,F,Barranquilla,9272.22
58,2,44.1,1,1,2,F,Barranquilla,4163.22
43,28,49.2,4,8,8,F,Bogotá,10103.02
45,5,33.1,3,13,2,M,Barranquilla,6668.19
19,16,34.8,4,3,1,F,Cali,6351.41
67,25,34.7,3,3,5,M,Bogotá,8481.18
23,20,39.3,4,5,7,F,Cali,9676.72
26,7,40.5,4,23,5,M,Cali,7968.54
50,20,42.6,3,4,0,F,Cali,6819.12
58,10,55.8,4,23,7,M,Cali,9860.84
42,37,45.8,2,16,0,M,Cali,8730.54
65,7,35.9,2,12,8,M,Medellín,7609.9
30,23,40.0,1,19,7,F,Bogotá,9381.18
26,34,52.0,3,16,5,F,Cali,8890.87
30,13,46.3,3,18,1,F,Medellín,8469.15
48,13,51.9,4,22,8,F,Medellín,11182.25
58,9,36.1,1,0,7,F,Cali,7755.83
28,11,34.3,2,20,3,M,Barranquilla,9036.91
21,37,34.4,2,16,1,F,Cali,7982.66
51,33,36.8,3,21,5,M,Medellín,11976.49
55,9,31.5,2,24,0,M,Cali,7688.01
63,16,42.4,4,2,6,M,Medellín,8674.57
21,16,42.5,2,13,0,M,Cali,7878.57
55,2,50.7,2,11,5,F,Medellín,6508.93
36,30,25.9,4,14,4,F,Cali,9713.25
23,0,32.4,3,5,9,F,Barranquilla,4903.07
51,11,46.4,1,19,2,F,Barranquilla,8241.35
35,38,41.5,3,21,5,F,Medellín,12739.62
30,3,40.4,1,1,3,F,Barranquilla,4774.61
58,12,50.1,5,3,5,M,Barranquilla,9615.99
40,33,31.9,3,12,3,F,Bogotá,10072.06
36,20,34.2,2,12,0,M,Cali,6387.72
62,21,33.2,3,22,4,M,Cali,10427.36
28,3,23.9,1,21,7,M,Barranquilla,7613.62
18,17,41.1,4,24,5,M,Barranquilla,8873.37
41,4,35.8,4,22,9,F,Medellín,10977.73
24,18,34.1,4,16,8,F,Cali,9167.74
42,1,32.7,2,5,3,M,Bogotá,5147.04
38,11,39.9,2,10,9,F,Bogotá,7717.58
32,16,33.6,1,18,8,M,Barranquilla,8373.99
18,9,41.8,3,15,7,M,Medellín,10340.74
29,33,43.7,3,7,2,M,Medellín,7775.27
24,5,37.6,3,0,5,M,Cali,4327.31
32,7,37.1,4,9,3,F,Barranquilla,7227.38
38,10,41.5,2,1,0,M,Barranquilla,4302.1
36,11,39.8,1,18,8,F,Medellín,7810.1
46,8,50.6,1,13,3,M,Bogotá,7204.87
42,1,42.5,2,2,4,F,Bogotá,4437.46
50,7,48.8,1,22,2,F,Cali,7290.72
66,10,44.9,3,23,3,F,Barranquilla,9717.88
49,35,29.5,2,8,8,M,Barranquilla,8904.82
66,9,35.5,2,22,6,M,Bogotá,9210.84
52,20,39.6,4,7,7,F,Barranquilla,9467.93
61,19,46.9,2,10,2,F,Barranquilla,7755.44
55,7,55.4,3,14,2,M,Medellín,7971.54
43,35,36.1,2,5,6,F,Cali,9001.97
28,28,40.4,3,1,7,F,Cali,7527.41
52,11,46.4,4,0,4,F,Cali,6001.45
25,13,39.5,1,2,0,M,Medellín,3669.05
63,20,53.2,3,24,2,M,Cali,9294.46
31,21,29.2,4,22,4,M,Cali,10818.96
27,20,45.4,3,17,2,M,Bogotá,7007.19
19,29,45.3,2,13,0,M,Bogotá,8036.98
63,38,49.2,2,16,6,M,Cali,10425.35
26,19,40.5,3,1,0,F,Medellín,6725.8
20,23,47.1,4,18,9,F,Medellín,10168.85
38,22,38.0,1,21,5,F,Medellín,8824.78
43,6,33.6,1,8,5,F,Barranquilla,6432.9
25,8,32.4,2,7,6,F,Barranquilla,7294.41
65,0,28.5,2,9,0,F,Medellín,5176.42
19,25,36.5,2,8,2,M,Bogotá,6389.34
23,37,42.5,2,7,8,F,Barranquilla,9521.59
45,37,38.3,2,6,1,F,Medellín,6809.9
46,21,41.6,1,21,4,M,Barranquilla,7399.97
43,9,49.9,4,23,2,M,Barranquilla,9497.08
42,5,35.9,1,5,4,F,Barranquilla,5923.87
29,16,58.7,2,1,6,F,Barranquilla,6972.56
22,37,46.0,2,8,0,F,Medellín,7581.86
51,23,38.4,4,8,2,M,Barranquilla,8120.24
65,9,38.2,4,18,5,M,Cali,10848.05
54,7,31.9,4,8,6,M,Medellín,9422.65
32,20,39.8,1,1,9,M,Medellín,7003.09
61,5,22.7,4,18,2,F,Medellín,7778.52
53,20,50.0,2,15,3,F,Barranquilla,7767.71
32,38,17.5,2,21,5,F,Medellín,10467.45
60,23,40.3,3,13,4,M,Bogotá,8321.71
65,32,30.8,4,19,8,M,Cali,11062.73
40,17,34.4,4,23,0,F,Bogotá,8748.6
23,27,35.4,4,0,4,F,Cali,7971.75
63,31,55.4,4,12,0,F,Cali,11000.98
67,11,31.2,2,21,7,M,Barranquilla,9643.64
61,26,47.3,2,1,6,F,Cali,8531.8
60,9,49.3,1,21,4,M,Cali,9065.62
62,31,21.3,4,13,5,F,Bogotá,11121.03
38,25,35.1,2,0,3,F,Cali,6134.95
40,24,51.9,4,14,8,M,Medellín,11175.45
60,10,29.5,2,17,2,M,Medellín,8507.94
33,22,49.6,2,8,1,M,Cali,7237.58
64,33,39.9,1,21,6,F,Medellín,10667.68
32,39,39.5,2,7,1,M,Barranquilla,8532.06
42,22,40.6,4,6,5,F,Medellín,9035.0
53,28,42.7,1,8,7,M,Barranquilla,7075.1
28,30,32.4,2,8,2,F,Cali,7789.08
68,6,37.9,1,10,2,M,Barranquilla,7291.78
32,39,43.0,2,3,2,M,Barranquilla,8615.94
21,32,41.4,2,6,0,F,Cali,7227.72
38,20,42.8,2,20,8,M,Cali,9810.44
30,1,34.3,4,6,4,F,Barranquilla,6047.0
39,17,45.1,2,3,8,F,Bogotá,7379.89
36,32,41.0,2,11,4,F,Cali,9276.88
51,36,27.4,3,16,6,M,Cali,10993.65
31,33,35.7,1,19,0,F,Bogotá,8953.49
21,19,32.8,2,2,8,M,Medellín,6461.56
65,34,32.7,3,8,0,M,Bogotá,9662.38
69,17,36.2,2,4,3,F,Medellín,6713.24
63,23,44.9,3,19,6,M,Bogotá,10730.73
44,7,35.0,3,15,8,F,Barranquilla,8135.48
46,29,41.8,4,7,0,F,Cali,8358.24
64,9,40.5,4,20,5,F,Bogotá,11454.54
45,22,33.8,1,15,9,F,Cali,9399.48
52,10,37.2,2,18,4,F,Medellín,8298.15
25,1,46.9,2,15,2,F,Barranquilla,7238.07
33,25,41.2,2,17,9,M,Cali,7731.23
59,35,44.4,4,14,1,M,Bogotá,10193.95
53,32,50.2,4,23,0,M,Bogotá,10498.23
47,12,43.5,3,17,1,M,Barranquilla,7341.46
35,39,24.6,3,13,3,M,Medellín,8301.08
19,24,42.2,1,23,5,F,Barranquilla,8612.73
66,3,35.1,3,15,4,M,Barranquilla,8571.3
30,18,54.5,4,4,3,F,Cali,7470.0
21,17,43.2,3,7,7,M,Medellín,8412.13
43,36,35.2,2,15,6,M,Barranquilla,10040.2
42,29,44.5,3,20,3,F,Cali,10970.44
47,18,40.7,2,0,9,M,Cali,7123.26
28,22,26.3,3,10,4,M,Medellín,6356.36
24,15,46.9,3,10,9,M,Medellín,7239.22
48,0,36.8,2,1,4,F,Cali,4773.79
61,11,51.4,3,21,2,M,Medellín,8391.88
27,23,39.0,4,18,8,F,Cali,9887.6
56,33,51.5,1,23,4,M,Medellín,11283.46
30,7,43.4,4,4,9,F,Medellín,6540.12
48,17,47.8,3,2,1,M,Medellín,7923.51
24,4,36.1,3,22,3,F,Bogotá,7056.88
66,25,42.8,4,7,3,F,Medellín,8236.79
59,29,26.2,3,3,4,M,Bogotá,8237.3
59,12,39.0,4,12,7,M,Cali,10559.21
53,18,28.1,2,24,4,M,Barranquilla,8796.67
37,28,30.9,2,21,0,F,Barranquilla,8167.72
21,2,32.9,3,13,1,M,Barranquilla,5511.18
24,25,45.3,4,0,2,F,Cali,8099.52
18,39,38.8,4,4,2,M,Medellín,8175.06
61,11,40.3,3,20,9,M,Bogotá,10566.48
62,1,38.6,3,6,5,F,Cali,7025.47
59,10,48.6,2,22,8,M,Barranquilla,9656.0
64,27,40.0,5,5,9,M,Barranquilla,10361.07
30,17,42.0,2,14,0,M,Barranquilla,8495.19
39,12,35.4,3,14,5,F,Barranquilla,10379.65
38,36,49.2,3,7,8,F,Bogotá,9301.23
39,21,49.8,3,1,3,F,Barranquilla,6264.87
45,11,39.7,2,13,9,F,Bogotá,8493.12
26,1,35.3,5,15,2,M,Barranquilla,5641.09
43,36,27.1,3,22,5,M,Cali,11040.14
26,6,33.1,4,9,5,M,Bogotá,8812.25
32,25,22.7,1,14,1,F,Bogotá,6541.38
27,25,32.7,3,22,4,M,Cali,10469.87
41,23,42.9,3,3,0,F,Barranquilla,8043.98
59,11,39.6,3,11,8,M,Barranquilla,8179.73
25,15,58.6,4,9,8,F,Medellín,9026.63
41,22,37.0,1,1,2,F,Medellín,6143.26
33,39,36.4,1,3,4,M,Bogotá,8234.11
66,8,48.5,3,19,2,F,Medellín,9338.93
43,31,24.6,1,5,6,F,Cali,8622.0
44,14,28.1,5,13,0,M,Cali,7575.8
54,36,45.3,2,22,4,F,Cali,10988.72
21,12,38.4,3,2,5,F,Bogotá,7486.93
67,4,38.6,1,14,6,M,Cali,8726.4
41,10,32.5,3,0,2,F,Bogotá,5892.57
36,9,41.9,2,18,6,F,Bogotá,7683.2
53,12,33.5,1,24,3,F,Cali,9095.69
56,14,40.6,2,0,9,M,Cali,7857.98
27,6,30.7,2,12,5,M,Bogotá,6967.21
42,39,38.5,5,7,4,M,Cali,11008.12
35,27,56.2,2,17,3,M,Medellín,8257.43
36,31,36.6,3,21,5,F,Bogotá,11126.7
53,34,38.9,5,2,2,M,Barranquilla,9392.12
27,14,38.4,4,22,2,M,Bogotá,9824.2
50,35,41.4,5,17,4,M,Cali,11527.37
67,20,43.7,5,19,4,M,Cali,11477.23
22,5,42.1,3,8,8,F,Bogotá,7507.37
64,0,42.2,3,5,3,F,Bogotá,5996.24
66,3,38.6,1,19,4,M,Barranquilla,6827.61
52,10,40.8,2,1,8,F,Barranquilla,7577.34
61,25,38.3,4,24,3,M,Bogotá,10394.01
51,36,25.5,3,3,2,M,Cali,8028.64
50,22,61.0,3,24,6,F,Bogotá,10711.96
38,28,45.8,3,17,6,F,Medellín,10410.69
34,20,32.2,2,6,7,F,Medellín,8093.6
39,26,41.8,4,10,3,F,Cali,7736.72
65,38,29.2,3,4,3,F,Bogotá,8602.88
54,39,36.0,2,7,8,F,Bogotá,9332.23
32,12,28.1,4,10,9,M,Medellín,8499.07
52,22,39.6,2,23,6,F,Bogotá,8520.21
45,15,27.3,4,19,2,M,Cali,9821.54
24,29,43.1,3,19,8,M,Cali,10494.82
49,3,45.5,2,14,4,M,Barranquilla,7020.07
28,39,33.4,4,23,3,M,Cali,11784.98
27,15,41.3,3,2,0,M,Bogotá,6148.53
26,30,33.0,2,6,8,F,Bogotá,8770.39
31,24,44.1,1,23,5,F,Medellín,9103.99
30,11,34.5,4,7,1,M,Medellín,6771.27
42,25,46.3,1,10,6,M,Cali,8819.95
19,36,25.5,4,9,2,F,Barranquilla,9143.14
52,32,32.0,2,19,5,M,Bogotá,11502.62
24,27,31.1,3,8,7,F,Barranquilla,8698.61
38,8,41.6,4,14,2,F,Bogotá,8314.56
35,11,44.4,2,19,4,F,Cali,7902.61
20,4,42.2,3,23,5,M,Cali,8471.97
59,27,35.9,4,21,0,M,Medellín,10494.14
56,34,17.6,4,4,9,M,Barranquilla,9808.88
58,4,40.3,3,14,6,M,Medellín,7737.35
66,33,46.3,3,3,3,M,Cali,9457.43
28,33,61.4,4,4,9,M,Barranquilla,10404.53
56,12,36.6,4,14,6,M,Bogotá,10463.06
41,38,34.7,4,16,6,M,Medellín,11209.13
63,13,42.6,2,22,4,F,Cali,8398.45
36,10,38.0,5,7,7,M,Bogotá,8519.22
21,37,50.2,2,24,7,F,Cali,11633.6
43,3,33.5,1,18,4,F,Bogotá,5080.29
55,32,38.0,2,8,4,F,Medellín,8760.06
59,6,47.0,1,9,6,M,Bogotá,7473.11
49,7,42.5,1,4,5,M,Barranquilla,6090.32
56,36,49.3,2,9,3,M,Bogotá,8912.83
62,9,36.5,1,21,1,F,Cali,6575.35
63,14,50.1,3,0,7,M,Bogotá,7836.97
53,37,26.7,1,24,2,M,Medellín,8986.06
57,14,27.0,2,24,1,F,Cali,9068.47
54,4,50.2,1,21,9,M,Cali,8792.0
50,28,40.1,1,23,6,F,Cali,11247.48
53,18,47.4,2,3,9,F,Cali,6573.34
20,9,40.8,3,20,5,F,Barranquilla,7960.03
26,11,39.9,5,4,7,M,Cali,8595.2
25,3,29.4,4,22,5,F,Cali,9360.13
50,30,39.8,4,6,6,F,Cali,10286.1
23,17,50.9,2,22,1,M,Medellín,7276.04
58,15,40.5,2,4,9,F,Medellín,7652.54
56,39,45.5,1,19,1,M,Cali,7893.89
21,35,45.2,4,7,5,M,Barranquilla,9379.34
30,24,31.9,1,16,8,F,Bogotá,9599.13
66,22,46.9,3,0,2,M,Barranquilla,7519.12
19,11,37.5,2,21,9,M,Cali,9198.85
22,33,37.9,2,17,7,M,Cali,10138.54
61,35,56.8,5,11,4,M,Barranquilla,11043.51
44,36,44.8,4,2,5,F,Cali,7446.52
49,2,34.9,4,19,5,M,Bogotá,9761.22
38,8,40.5,3,13,9,M,Medellín,8903.1
25,17,40.3,4,15,2,M,Bogotá,7288.91
55,34,53.5,3,17,4,M,Bogotá,11034.2
25,33,40.3,4,9,0,F,Bogotá,8609.55
67,13,57.7,2,22,1,F,Barranquilla,9969.37
20,3,29.6,3,14,9,M,Barranquilla,8041.66
61,28,39.7,3,9,2,F,Bogotá,9221.03
20,14,33.9,2,0,3,M,Barranquilla,5387.96
39,27,36.0,4,18,8,F,Cali,10319.22
23,15,36.2,5,1,0,M,Medellín,6976.2
19,11,34.3,3,12,2,M,Barranquilla,6689.17
40,4,53.8,2,24,2,F,Barranquilla,7144.77
61,33,51.4,3,15,5,F,Bogotá,10208.77
19,0,43.2,4,7,4,F,Medellín,5354.07
55,38,36.2,3,2,2,F,Cali,9445.75
34,31,34.5,1,20,3,F,Cali,10430.53
52,25,45.9,3,18,6,M,Medellín,11272.63
51,16,42.4,1,13,2,M,Cali,7451.98
40,26,38.8,4,10,8,M,Medellín,9909.64
47,23,44.3,2,11,7,M,Bogotá,8666.75
69,34,47.1,3,10,1,F,Cali,8762.46
25,38,38.8,4,10,4,F,Cali,11304.43
39,25,33.7,1,21,3,M,Medellín,7773.28
61,37,29.4,2,20,4,M,Cali,9946.42
53,22,42.0,2,17,2,F,Barranquilla,8498.6
22,21,57.3,2,9,9,F,Bogotá,8379.16
30,3,31.1,2,15,0,F,Cali,6238.13
46,8,48.8,5,7,7,F,Cali,8223.26
48,3,34.6,4,5,8,F,Cali,6068.13
64,6,36.2,4,18,7,M,Medellín,9497.86
33,22,47.3,4,12,3,M,Bogotá,8703.25
59,1,38.0,2,14,1,M,Bogotá,6308.78
47,23,42.0,2,12,3,M,Cali,7978.14
33,39,41.8,2,0,8,F,Cali,8391.5
29,30,34.6,4,20,9,M,Medellín,10284.5
34,30,47.2,3,1,8,M,Bogotá,9847.76
33,39,39.5,2,12,4,M,Barranquilla,10401.98
29,33,28.9,2,1,4,M,Cali,8334.84
25,23,32.9,3,24,9,M,Barranquilla,9690.06
37,25,15.1,3,10,2,F,Barranquilla,8074.55
20,15,40.4,4,12,5,M,Bogotá,7907.72
33,12,50.4,2,9,6,M,Barranquilla,6939.24
47,14,31.6,4,22,9,F,Cali,9966.08
62,26,44.7,2,21,8,F,Cali,12972.95
40,3,43.4,3,14,6,F,Medellín,7572.01
45,15,34.0,4,0,2,F,Bogotá,5997.4
68,29,52.3,4,13,6,M,Bogotá,11175.04
57,29,37.8,1,9,0,F,Barranquilla,8002.51
22,35,56.1,2,17,1,M,Cali,8818.43
37,2,26.9,3,10,3,F,Cali,6483.91
57,21,37.8,2,6,6,M,Medellín,8893.5
61,21,38.8,3,14,8,F,Barranquilla,9303.32
18,11,39.7,4,2,4,F,Cali,6607.73
47,20,45.7,1,1,7,M,Bogotá,6469.28
38,3,67.2,3,21,6,M,Medellín,8298.53
37,30,43.6,2,7,4,F,Bogotá,9520.58
23,30,40.2,4,7,2,M,Medellín,8246.49
39,22,31.2,5,10,2,M,Bogotá,7953.46
35,19,24.9,3,15,5,M,Barranquilla,8479.27
25,14,49.4,1,1,9,M,Cali,5438.41
56,22,35.6,4,21,3,F,Bogotá,10140.05
49,27,60.8,3,4,2,M,Barranquilla,7634.21
50,15,46.9,2,6,3,F,Bogotá,7382.26
33,36,42.7,4,19,2,M,Barranquilla,12075.16
29,20,43.2,5,12,9,F,Medellín,10073.06
55,14,43.2,3,1,5,F,Barranquilla,6750.27
69,16,34.4,3,2,6,F,Bogotá,8033.8
51,36,26.0,2,8,3,F,Cali,9798.04
31,12,35.6,3,9,2,M,Medellín,7162.06
53,18,39.9,2,23,2,M,Medellín,8910.66
50,29,34.8,2,12,2,F,Barranquilla,6778.88
40,17,29.7,1,24,8,M,Bogotá,9243.64
67,13,34.0,2,20,2,M,Barranquilla,9146.24
62,35,48.3,2,12,2,F,Medellín,10180.52
19,35,46.0,3,4,7,M,Cali,9893.67
58,19,41.4,3,22,3,M,Barranquilla,9291.41
38,18,44.7,3,6,6,M,Bogotá,7658.06
19,6,30.9,2,16,2,M,Barranquilla,6142.33
44,3,33.6,2,14,7,F,Barranquilla,7991.7
26,33,42.5,4,4,2,F,Barranquilla,8096.99
18,1,32.0,3,23,4,M,Cali,7989.87
28,4,40.9,5,6,0,F,Bogotá,6046.01
20,9,29.9,2,1,4,F,Bogotá,4523.83
69,31,26.8,3,23,5,F,Medellín,12254.78
40,12,45.9,1,17,6,F,Medellín,8138.39
43,38,48.2,3,9,1,M,Barranquilla,9715.31
21,4,35.0,4,0,1,M,Medellín,4904.97
35,9,27.8,4,13,8,M,Bogotá,9315.3
23,9,22.3,5,18,9,F,Barranquilla,8739.36
52,37,54.7,2,15,0,M,Medellín,8657.76
39,26,40.9,3,18,1,M,Cali,9782.18
60,20,35.1,3,5,1,M,Medellín,7370.31
32,7,37.1,3,11,9,F,Cali,7839.26
39,0,24.7,2,2,6,M,Medellín,4549.87
54,27,45.0,4,6,5,F,Bogotá,10048.58
69,38,56.0,4,23,8,F,Medellín,14957.32
59,13,33.7,2,2,6,F,Cali,7446.6
29,20,59.1,2,24,2,F,Cali,8632.19
64,29,39.1,1,16,2,F,Medellín,9935.93
66,20,53.3,3,14,0,M,Barranquilla,9017.01
59,8,42.5,2,18,7,F,Cali,8466.11
55,16,42.4,4,18,0,F,Bogotá,9971.55
35,4,54.8,3,22,1,F,Medellín,7712.67
62,30,46.3,3,10,6,M,Cali,8890.35
52,39,43.0,3,20,0,M,Medellín,10210.91
47,37,24.5,1,19,3,M,Medellín,9808.17
41,18,27.9,4,1,8,M,Barranquilla,7529.37
59,35,43.7,3,6,7,F,Medellín,8552.64
47,32,51.7,5,18,7,F,Medellín,13246.36
31,12,41.0,3,6,2,M,Medellín,8865.12
23,13,35.3,3,9,4,F,Bogotá,6644.12
20,32,25.3,1,11,3,M,Medellín,6855.64
33,28,33.7,3,22,7,M,Bogotá,9532.83
24,35,41.0,4,17,6,M,Medellín,10098.05
69,9,33.1,4,22,6,F,Barranquilla,9059.23
31,30,32.3,4,5,9,M,Barranquilla,8515.52
26,5,39.6,2,19,9,M,Cali,8225.8
32,0,51.6,5,20,6,F,Medellín,7910.78
38,6,45.5,5,7,0,F,Barranquilla,5777.76
52,26,42.3,1,4,6,F,Barranquilla,7860.12
19,20,41.5,4,2,3,F,Medellín,6543.53
44,27,44.4,2,1,2,F,Cali,7231.34
19,15,39.1,3,21,4,F,Bogotá,8307.9
52,22,36.7,2,5,1,M,Barranquilla,6762.05
35,19,45.9,5,6,7,F,Barranquilla,9827.59
31,37,38.2,1,7,8,F,Bogotá,8309.05
37,24,30.5,3,3,4,F,Barranquilla,8030.26
35,27,51.5,2,11,2,M,Bogotá,7691.62
27,4,25.0,2,23,9,F,Bogotá,7773.41
42,20,52.1,3,11,6,M,Cali,8092.28
19,17,44.1,1,16,0,M,Bogotá,5091.16
42,5,32.2,3,21,9,M,Bogotá,8260.66
50,28,40.2,5,21,2,M,Bogotá,9594.21
53,18,36.6,4,18,8,F,Bogotá,9778.39
48,32,46.5,4,8,1,F,Barranquilla,9774.3
31,0,46.3,2,11,8,F,Bogotá,6882.85
18,2,43.7,2,20,0,F,Barranquilla,5855.2
63,20,46.0,3,16,3,F,Medellín,8831.97
33,34,39.1,1,22,9,F,Medellín,10506.5
63,39,54.1,4,9,5,M,Bogotá,11110.67
69,2,49.8,1,18,6,M,Cali,7099.96
20,24,36.2,4,10,2,F,Cali,8433.85
52,37,46.5,1,19,8,F,Barranquilla,10576.99
58,19,45.8,4,21,3,F,Barranquilla,10514.45
23,33,37.9,2,23,4,F,Medellín,9817.89
42,20,37.3,1,12,7,F,Barranquilla,6914.78
30,22,49.7,3,3,2,F,Cali,8056.18
51,5,39.9,2,14,7,M,Medellín,7844.34
25,12,42.1,3,11,0,M,Bogotá,6242.34
38,22,51.2,3,24,7,F,Barranquilla,11224.04
51,8,60.3,1,23,9,F,Bogotá,8453.64
21,16,35.8,4,9,7,F,Barranquilla,7062.57
42,1,38.2,3,21,5,M,Cali,8668.27
32,18,40.6,3,6,4,M,Barranquilla,8286.25
21,18,40.8,3,23,8,M,Cali,10166.13
62,6,43.0,3,1,5,M,Cali,7439.63
29,19,36.1,2,20,0,M,Bogotá,6673.56
49,8,29.9,2,6,5,F,Barranquilla,6246.08
49,16,54.0,3,7,0,F,Bogotá,6628.56
45,26,44.9,2,20,5,M,Cali,10600.58
30,1,36.7,2,18,2,F,Cali,6835.75
48,35,43.5,3,5,5,M,Cali,10077.42
31,18,54.7,3,20,5,M,Cali,8941.2
37,16,33.7,1,7,0,M,Medellín,4645.32
35,4,41.7,2,24,8,F,Cali,9863.76
46,38,28.9,2,24,7,F,Barranquilla,11424.39
23,17,39.1,1,21,1,F,Cali,8093.4
49,6,44.9,2,19,1,F,Medellín,7306.54
46,16,31.1,1,3,4,F,Barranquilla,7819.58
60,38,38.5,5,24,9,M,Medellín,14739.9
19,35,46.4,3,19,1,M,Medellín,9322.96
40,39,44.7,1,23,0,M,Barranquilla,9566.92
36,3,30.7,1,8,1,F,Medellín,4779.69
48,37,43.0,3,4,4,F,Cali,8176.15
68,24,44.5,2,5,9,F,Bogotá,8801.94
22,4,40.9,4,18,6,M,Bogotá,7897.12
36,29,48.7,4,11,4,M,Bogotá,9756.51
51,11,35.3,3,4,0,M,Barranquilla,5512.39
27,3,43.3,2,4,6,F,Barranquilla,5624.44
42,23,30.7,4,17,5,F,Barranquilla,9597.56
19,28,27.2,5,5,6,M,Bogotá,8983.66
28,8,46.2,3,8,1,M,Bogotá,7367.49
67,3,40.2,3,10,4,M,Barranquilla,8394.35
48,23,36.3,2,22,7,M,Bogotá,9076.1
32,13,31.5,2,13,6,F,Medellín,7531.03
26,4,46.6,3,23,5,M,Medellín,8186.71
40,17,27.9,4,1,5,F,Bogotá,6881.22
36,18,47.9,3,13,0,F,Barranquilla,9340.92
26,11,43.6,4,24,0,F,Cali,8142.59
52,17,28.3,2,18,6,F,Cali,8578.55
38,16,41.0,2,9,2,F,Bogotá,8228.51
26,29,61.2,3,4,5,M,Cali,9143.23
45,23,49.5,2,22,4,F,Barranquilla,9292.86
63,10,33.4,3,3,2,M,Medellín,7244.48
68,34,45.7,2,6,5,M,Medellín,9133.95
24,22,28.7,4,23,2,F,Barranquilla,9312.25
33,16,29.0,4,12,7,M,Cali,8235.69
33,0,39.5,3,9,6,M,Bogotá,4751.06
50,14,44.4,2,9,8,M,Medellín,7076.1
21,31,46.5,3,3,4,M,Cali,6978.82
21,8,46.6,5,15,0,F,Cali,7999.2
56,14,44.0,3,14,9,M,Medellín,9782.75
57,27,27.1,1,20,7,M,Medellín,10660.49
34,23,39.5,1,10,1,F,Bogotá,5719.83
54,34,47.7,2,18,5,F,Barranquilla,11874.93
56,21,43.5,2,20,0,F,Cali,9987.98
69,26,41.5,4,23,5,F,Bogotá,11715.85
46,18,42.6,4,2,3,F,Medellín,7020.0
69,11,42.5,2,14,4,M,Barranquilla,7714.9
53,19,24.3,2,15,9,F,Barranquilla,9468.01
55,0,49.2,2,13,6,M,Cali,8879.08
56,20,39.1,4,4,5,F,Barranquilla,8490.56
67,0,45.7,3,16,0,M,Medellín,6014.87
54,9,21.6,3,17,8,M,Medellín,10550.29
69,31,53.3,2,18,5,F,Medellín,10344.19
52,38,30.7,3,0,5,M,Bogotá,9963.54
24,21,60.3,2,24,8,F,Medellín,10665.12
44,17,57.0,2,8,9,M,Bogotá,8456.26
45,31,29.4,3,20,4,F,Medellín,11018.75
39,26,46.5,3,13,5,M,Medellín,8724.7
31,27,31.9,2,19,5,M,Barranquilla,8960.73
24,17,34.9,1,20,6,F,Cali,7658.91
54,38,35.1,2,19,8,F,Medellín,11135.96
39,28,43.6,2,20,4,F,Barranquilla,10007.2
22,17,42.6,3,22,4,F,Barranquilla,9421.23
19,7,30.4,4,10,3,F,Cali,5546.75
44,30,43.5,1,23,9,F,Barranquilla,10284.07
38,33,38.4,2,1,3,F,Barranquilla,7095.69
55,6,25.4,2,19,7,F,Cali,8884.92
32,35,36.5,3,23,1,F,Bogotá,8987.25
38,17,53.3,2,22,9,F,Cali,10614.67
27,37,36.8,3,24,7,M,Cali,10565.63
40,8,25.3,2,4,1,M,Medellín,5398.18
56,8,46.5,3,21,0,F,Medellín,9149.05
22,7,32.6,4,23,9,F,Bogotá,8677.5
18,34,41.7,4,14,8,M,Cali,10768.9
30,17,38.6,5,11,7,F,Cali,9260.62
38,4,54.1,4,13,5,M,Bogotá,7359.54
43,13,38.6,4,10,3,M,Medellín,7014.03
67,27,30.8,2,20,1,M,Cali,8830.97
62,29,36.2,2,8,7,M,Bogotá,8624.6
38,3,30.2,1,19,2,M,Medellín,6158.52
35,38,38.3,3,7,9,F,Barranquilla,9788.2
54,19,54.2,4,11,3,M,Bogotá,9441.89
62,24,50.0,2,2,4,F,Bogotá,8406.79
49,27,56.3,3,20,3,M,Cali,9006.3
53,11,43.8,3,14,7,M,Barranquilla,8741.48
34,1,41.1,4,7,8,M,Medellín,6726.56
52,13,32.0,3,6,0,F,Barranquilla,5671.87
66,21,42.2,5,16,1,M,Cali,8827.96
28,30,39.0,2,11,3,M,Cali,6790.85
38,22,46.2,2,19,0,F,Medellín,7767.7
69,19,31.0,3,17,5,F,Medellín,10064.33
43,37,40.4,2,17,4,M,Medellín,10292.48
21,3,27.4,1,14,6,M,Cali,5213.86
51,14,42.7,3,22,5,M,Medellín,8752.44
69,23,45.4,4,2,2,F,Medellín,8577.4
65,24,27.0,3,18,4,M,Medellín,9564.61
35,0,29.3,2,14,2,F,Bogotá,6606.27
57,6,29.6,3,15,8,M,Medellín,7860.42
52,30,38.6,2,21,1,F,Cali,8012.83
58,11,28.8,1,21,5,F,Bogotá,8771.99
46,4,51.0,3,16,8,M,Cali,7242.97
69,37,43.5,1,0,9,M,Barranquilla,7980.86
46,11,44.8,1,10,6,F,Bogotá,6566.62
55,38,27.3,4,5,4,M,Medellín,9496.51
59,17,50.3,1,22,1,F,Bogotá,8910.68
38,1,45.2,5,8,1,F,Cali,6056.63
59,9,34.5,3,19,3,M,Bogotá,9646.67
30,14,27.7,5,15,9,F,Barranquilla,8672.62
66,29,39.4,1,5,1,M,Medellín,7063.45
58,16,36.3,3,11,7,F,Medellín,9658.62
34,3,36.6,2,18,9,M,Barranquilla,8805.47
26,6,34.4,4,12,6,M,Cali,5421.98
58,30,45.8,2,12,6,M,Bogotá,11843.36
18,38,19.2,2,3,2,F,Cali,6780.22
19,33,51.4,4,8,6,M,Cali,9768.76
65,5,48.0,2,13,7,F,Cali,7938.09
46,37,41.7,1,13,4,F,Medellín,10803.62
50,33,38.8,2,16,0,M,Bogotá,9923.47
27,14,48.7,3,4,0,F,Medellín,7691.51
67,13,39.7,2,22,3,M,Medellín,9429.09
57,5,37.8,2,18,1,F,Medellín,7981.72
38,36,49.1,1,1,6,F,Bogotá,7050.8
45,31,56.7,3,12,2,M,Barranquilla,9083.82
28,2,32.2,4,10,3,M,Medellín,7373.36
51,2,43.4,2,1,8,F,Medellín,6560.6
25,21,31.3,2,0,1,M,Medellín,5559.06
39,21,44.0,1,20,7,M,Bogotá,8494.46
25,9,33.8,2,2,0,F,Bogotá,5524.38
66,2,49.7,2,11,2,M,Cali,7696.52
32,11,39.2,3,6,3,F,Medellín,7421.77
34,28,40.4,3,0,5,M,Medellín,7929.63
40,16,53.0,4,8,0,M,Bogotá,7543.08
41,6,34.1,1,17,7,F,Bogotá,8355.81
62,12,45.5,3,23,1,F,Medellín,9901.94
36,1,34.9,3,19,4,M,Barranquilla,6869.33
22,3,49.6,3,5,5,M,Cali,6387.08
49,9,54.3,4,8,7,F,Cali,9145.94
61,38,37.9,2,22,2,M,Medellín,10135.02
18,23,22.4,1,7,8,M,Cali,7788.75
40,16,34.5,3,22,4,M,Cali,9811.63
54,5,59.5,2,17,7,M,Medellín,8249.46
25,18,35.3,1,24,3,F,Cali,6989.07
30,4,54.2,2,14,8,M,Bogotá,8131.99
25,31,35.1,2,0,7,F,Medellín,9103.19
40,9,35.0,3,13,4,F,Bogotá,7809.32
60,8,46.2,2,17,2,M,Medellín,8286.11
18,26,45.3,2,18,0,F,Bogotá,6937.23
62,12,46.8,3,18,4,M,Cali,9133.77
68,18,40.0,3,9,4,M,Barranquilla,8530.83
41,20,48.3,5,19,3,F,Bogotá,9520.37
52,23,47.7,1,20,9,F,Bogotá,10407.33
41,37,49.2,5,5,9,F,Barranquilla,11444.11
34,3,35.0,3,16,7,M,Barranquilla,7699.69
22,23,48.3,4,13,2,M,Bogotá,8564.31
37,34,35.8,2,12,9,M,Bogotá,11564.36
38,2,38.7,3,7,8,F,Bogotá,6634.01
57,3,38.6,4,21,2,F,Medellín,7758.92
48,36,32.0,4,9,3,F,Bogotá,8815.7
63,39,26.1,2,8,5,F,Bogotá,9745.82
53,34,49.8,2,4,8,F,Barranquilla,7336.39
28,30,34.4,3,22,9,M,Barranquilla,10647.74
69,24,37.8,4,3,1,M,Medellín,7497.06
32,39,34.2,2,5,1,F,Medellín,7687.2
36,12,37.9,3,5,1,F,Cali,6186.02
24,3,36.0,3,12,4,F,Bogotá,6895.79
68,13,50.2,4,3,5,F,Bogotá,8845.42
45,12,35.3,3,21,2,M,Barranquilla,9447.94
68,26,53.7,2,7,2,F,Cali,8042.58
60,5,49.1,5,4,1,F,Bogotá,6783.44
22,16,36.2,3,1,5,F,Cali,7175.11
22,35,42.6,3,8,0,M,Medellín,6621.82
47,39,44.2,2,10,8,M,Bogotá,10863.89
49,34,46.7,3,19,9,F,Bogotá,11839.92
25,16,47.5,2,19,3,M,Medellín,8356.73
27,1,41.5,2,10,1,F,Bogotá,5569.47
55,12,32.4,3,6,5,F,Medellín,7650.14
64,1,45.1,3,13,4,F,Medellín,7858.23
49,27,38.1,3,5,2,M,Cali,7068.03
65,25,17.7,2,3,2,F,Barranquilla,6629.49
45,21,43.1,3,5,4,F,Barranquilla,9273.34
34,2,34.1,2,2,3,M,Medellín,5399.79
48,34,36.3,3,22,4,M,Cali,11752.98
25,11,40.0,2,5,1,F,Medellín,5128.7
57,23,27.6,3,2,0,F,Cali,6982.49
42,4,41.1,4,0,4,M,Cali,6707.86
26,19,37.5,2,20,0,M,Barranquilla,8597.07
19,38,33.0,2,17,2,M,Barranquilla,8827.89
32,38,40.4,3,22,7,F,Cali,11867.65
67,12,26.5,3,22,7,F,Barranquilla,10641.06
20,11,40.6,3,3,8,M,Cali,7696.93
66,12,43.8,3,5,0,M,Bogotá,6705.7
53,9,42.4,2,16,3,F,Medellín,8726.38
21,32,46.3,2,17,5,M,Barranquilla,8181.53
31,39,49.3,2,5,6,F,Medellín,8030.91
58,15,39.3,2,1,4,F,Barranquilla,7044.03
58,34,48.8,3,11,6,F,Medellín,10785.43
42,2,39.3,1,11,9,M,Medellín,6731.54
67,4,34.4,4,3,7,F,Barranquilla,7417.17
27,25,36.9,4,15,9,M,Barranquilla,9985.34
38,10,42.1,4,19,5,M,Barranquilla,8442.26
53,6,48.7,4,9,3,M,Barranquilla,7679.55
29,9,40.0,2,24,0,M,Cali,6180.16
44,33,34.6,4,9,4,F,Barranquilla,10544.61
57,2,51.6,2,6,9,F,Barranquilla,7684.5
19,7,28.5,1,13,9,F,Barranquilla,7857.51
30,30,34.7,4,6,9,M,Bogotá,9819.34
49,10,47.1,1,11,3,F,Medellín,6621.76
48,6,54.1,5,10,4,F,Barranquilla,8591.86
33,1,43.8,3,16,3,F,Barranquilla,6522.38
49,5,42.0,4,10,8,F,Medellín,7560.24
49,31,37.7,2,20,2,M,Medellín,8782.89
51,19,44.4,3,2,2,M,Cali,6759.96
28,33,41.0,1,18,9,F,Medellín,9208.32
27,15,34.0,4,21,6,M,Medellín,10683.97
32,24,37.5,2,3,1,M,Bogotá,5778.2
34,11,33.1,3,7,8,M,Cali,7981.4
57,6,40.1,2,13,7,F,Bogotá,8433.99
35,38,41.3,1,19,5,F,Medellín,10804.45
26,16,53.1,3,23,8,M,Barranquilla,10631.83
42,10,35.2,2,13,2,M,Cali,6699.23
57,5,38.6,3,15,3,M,Medellín,9168.78
31,22,50.1,2,14,6,M,Medellín,7671.29
42,26,54.4,2,11,0,F,Barranquilla,7013.94
67,5,43.8,3,15,0,M,Barranquilla,7707.94
39,37,38.0,2,19,0,F,Barranquilla,9353.7
69,1,36.2,2,18,7,M,Cali,9061.7
47,21,25.3,4,4,5,F,Bogotá,8342.94
37,19,32.6,2,11,2,M,Cali,7449.23
38,24,40.8,1,4,9,F,Barranquilla,8558.93
61,14,38.6,2,9,6,F,Cali,8116.62
49,28,45.0,2,16,5,M,Barranquilla,10103.68
68,7,38.4,3,14,4,M,Bogotá,7711.49
63,36,34.2,2,7,2,F,Cali,8156.27
66,32,42.7,4,7,3,F,Bogotá,10495.33
38,21,60.0,1,7,0,M,Bogotá,6466.82
52,4,37.5,2,9,8,M,Barranquilla,7497.94
49,38,41.1,2,19,4,M,Cali,9906.69
47,17,46.8,3,12,1,M,Cali,7550.05
56,37,35.4,5,15,8,F,Bogotá,12520.36
66,36,50.2,3,8,6,F,Barranquilla,10202.12
29,29,27.4,5,15,7,F,Bogotá,9966.44
58,30,36.7,2,9,2,M,Bogotá,7700.24
64,9,37.5,1,2,6,M,Bogotá,5812.63
35,14,41.2,2,22,0,M,Bogotá,7481.85
38,17,24.2,2,21,5,F,Cali,8471.79
30,22,50.8,2,24,9,M,Medellín,11706.7
38,32,43.3,1,13,5,F,Cali,9458.84
25,15,49.0,2,12,9,M,Barranquilla,8537.54
63,37,52.9,2,3,5,F,Medellín,10678.41
57,34,34.1,1,3,2,F,Bogotá,7324.07
63,33,20.0,2,5,5,F,Cali,8995.39
24,27,49.2,4,23,2,M,Medellín,10421.05
40,1,37.7,2,18,9,M,Bogotá,8483.54
61,29,30.9,3,10,8,M,Cali,9509.76
49,12,44.6,3,7,6,M,Medellín,7650.45
28,15,59.7,2,13,3,F,Cali,6806.27
39,4,39.1,2,7,2,F,Medellín,5947.63
39,27,47.6,2,13,5,M,Barranquilla,8911.66
60,38,32.1,3,22,8,M,Cali,10755.76
42,19,26.5,2,6,2,M,Cali,6998.34
39,23,47.3,2,20,7,M,Medellín,9997.89
45,26,44.4,1,17,5,F,Barranquilla,10274.38
46,29,36.3,4,11,3,M,Cali,10176.11
30,26,53.6,2,13,4,F,Barranquilla,9384.27
35,25,25.9,3,14,2,F,Barranquilla,7440.43
19,6,30.2,3,17,1,F,Cali,7542.58
46,37,35.7,4,11,8,M,Bogotá,10909.58
38,4,37.1,3,9,2,M,Medellín,5752.97
32,22,51.7,3,11,5,M,Cali,6779.17
69,27,40.4,4,7,4,M,Barranquilla,10681.7
44,33,38.5,3,5,9,F,Medellín,9489.84
67,14,29.8,1,23,7,M,Cali,9304.22
48,31,48.7,2,18,4,F,Medellín,10127.33
32,25,30.9,4,0,7,M,Medellín,9653.34
68,30,29.8,4,12,4,F,Barranquilla,10106.33
40,18,36.8,3,21,9,F,Bogotá,10299.65
41,8,41.3,3,15,5,F,Bogotá,8859.42
61,28,34.2,3,17,4,M,Medellín,9894.71
30,38,45.7,2,11,1,F,Barranquilla,7830.52
39,3,37.7,3,24,9,F,Barranquilla,7709.8
60,2,48.4,1,4,9,M,Cali,7735.03
54,28,44.0,5,20,5,F,Medellín,11840.98
50,10,54.3,4,12,6,M,Cali,9441.35
20,32,36.5,3,7,2,M,Barranquilla,7458.56
36,37,46.8,2,5,2,F,Medellín,8605.8
40,10,25.7,2,2,6,F,Bogotá,5658.46
46,26,63.1,2,24,9,M,Bogotá,11486.64
47,32,46.4,3,19,3,F,Cali,10397.24
56,20,37.6,3,3,1,M,Medellín,8027.47
61,38,37.9,2,11,8,M,Barranquilla,11071.11
64,30,38.0,3,12,8,F,Cali,10108.77
42,37,54.7,4,1,5,M,Bogotá,9931.52
54,1,47.2,1,18,1,F,Barranquilla,6204.3
64,26,36.5,3,3,2,F,Medellín,7337.72
25,35,30.1,4,22,4,M,Bogotá,11257.28
59,10,49.6,3,12,4,F,Barranquilla,8414.19
33,17,46.7,3,18,8,F,Bogotá,8688.76
25,0,45.7,3,7,9,F,Medellín,6538.34
18,34,39.3,5,7,2,F,Cali,9595.83
61,34,37.6,1,15,1,F,Barranquilla,9120.29
22,30,53.5,3,10,9,F,Barranquilla,10097.34
20,27,54.2,1,17,7,M,Medellín,10389.27
18,38,45.1,2,3,6,F,Bogotá,9023.3
21,0,47.8,2,23,8,M,Bogotá,8008.57
57,24,41.9,2,0,2,M,Bogotá,6550.34
52,37,29.0,5,0,5,F,Barranquilla,9150.9
49,19,32.2,4,13,4,F,Barranquilla,8720.17
59,2,49.2,2,3,4,M,Bogotá,4753.69
51,1,50.2,3,10,9,M,Barranquilla,7135.12
60,17,48.4,3,17,7,F,Cali,10552.21
42,9,42.8,4,15,0,M,Medellín,8939.82
27,4,48.7,3,16,0,M,Medellín,6689.69
38,8,39.5,1,23,2,F,Barranquilla,6780.4
63,1,45.0,4,1,1,M,Cali,3426.41
56,33,38.4,3,3,1,M,Cali,9539.09
44,37,31.5,3,2,1,F,Bogotá,6901.68
44,30,46.9,4,14,3,F,Medellín,8805.81
19,9,50.2,4,1,0,F,Medellín,5330.04
58,11,59.8,3,23,9,F,Medellín,10753.14
65,35,42.1,3,18,8,M,Barranquilla,11824.79
30,20,31.6,5,8,4,M,Cali,7900.05
26,5,37.4,2,9,4,M,Bogotá,6323.57
69,2,38.9,2,20,8,M,Barranquilla,8551.09
53,9,41.2,2,24,4,M,Bogotá,8445.44
39,4,43.8,4,18,7,F,Barranquilla,8789.03
59,25,42.9,3,4,0,M,Medellín,7056.97
43,20,46.2,1,13,0,M,Bogotá,5924.57
29,25,41.6,5,9,3,F,Cali,8077.79
34,37,22.2,3,15,7,M,Cali,9458.88
31,25,41.8,4,5,2,M,Barranquilla,8266.86
31,7,40.7,1,24,0,F,Medellín,7144.79
51,4,44.4,3,7,8,F,Barranquilla,7485.99
37,14,37.1,3,1,8,M,Bogotá,7146.22
28,15,41.8,3,17,8,F,Cali,10101.03
33,0,44.4,3,20,8,M,Cali,8902.37
68,15,38.7,4,20,1,M,Cali,10832.41
48,36,45.4,2,20,3,F,Cali,9799.15
23,2,40.6,4,19,1,M,Bogotá,6392.04
36,30,41.3,2,7,6,F,Cali,9257.02
54,12,16.6,2,4,2,F,Barranquilla,5922.55
21,15,30.8,1,16,8,M,Cali,7064.73
64,20,30.9,2,15,6,M,Bogotá,9554.54
21,1,41.7,2,4,7,F,Medellín,5046.49
37,26,50.2,4,16,8,F,Medellín,11329.2
27,37,39.1,3,3,7,F,Cali,9370.26
41,25,46.8,2,0,6,F,Medellín,7246.23
52,37,45.2,3,21,8,M,Bogotá,10708.67
43,24,41.1,1,5,0,F,Cali,5472.97
54,10,44.6,2,0,3,M,Bogotá,7133.68
55,7,42.0,3,23,3,F,Medellín,10321.38
38,7,38.9,3,3,4,F,Medellín,8328.1
57,32,43.1,4,1,7,M,Cali,9971.81
56,6,51.6,2,12,9,M,Medellín,7521.93
38,37,43.8,3,13,0,F,Cali,10198.2
27,20,41.7,3,16,5,M,Cali,8609.17
55,7,33.0,5,10,8,M,Barranquilla,8684.14
63,20,51.3,2,2,9,M,Barranquilla,8752.3
21,19,28.7,3,6,7,M,Barranquilla,9113.04
62,7,26.4,3,9,1,F,Bogotá,6701.75
37,30,43.0,5,10,6,M,Medellín,10383.6
34,28,33.0,2,9,4,F,Medellín,6739.28
24,8,48.7,3,7,1,F,Barranquilla,6096.7
21,14,26.5,2,4,0,F,Cali,5554.88
46,29,47.7,3,22,1,F,Cali,9955.38
31,25,46.6,2,1,9,M,Cali,7883.2
20,9,40.9,1,14,5,F,Cali,6693.61
41,28,23.2,3,15,7,F,Bogotá,8973.66
54,15,26.2,2,3,2,M,Medellín,4380.82
33,35,41.9,2,21,4,M,Barranquilla,9990.87
69,19,38.1,2,15,1,M,Bogotá,8136.01
21,36,45.8,1,11,7,F,Medellín,9268.0
41,21,39.5,5,13,3,M,Bogotá,11375.18
51,6,38.8,3,11,9,F,Cali,9493.82
47,22,20.6,4,20,5,F,Bogotá,8498.4
35,39,46.6,2,15,2,F,Bogotá,11410.63
36,28,34.8,4,15,7,M,Cali,10893.21
48,15,36.8,3,21,7,F,Cali,9660.26
36,37,31.4,3,11,2,F,Barranquilla,10232.11
66,27,27.7,3,1,8,M,Barranquilla,6903.0
63,37,51.8,3,22,9,F,Medellín,12316.38
36,30,46.4,3,23,4,M,Barranquilla,10713.67
39,13,46.5,2,13,9,M,Barranquilla,8626.36
41,32,38.3,1,10,8,M,Medellín,10170.76
62,8,26.1,3,8,6,M,Bogotá,8685.89
29,26,56.8,3,21,9,M,Bogotá,11522.7
47,23,43.4,1,6,2,M,Bogotá,6564.43
55,12,41.1,2,11,5,F,Cali,8540.57
48,25,37.1,3,16,9,M,Medellín,9998.05
53,28,23.6,4,8,1,F,Bogotá,9196.86
36,27,49.1,1,5,5,F,Barranquilla,6813.32
65,27,31.5,2,11,4,F,Barranquilla,9112.86
62,7,44.4,4,19,2,F,Barranquilla,7791.35
53,22,46.2,3,9,6,M,Medellín,9886.42
47,28,42.7,2,8,3,F,Medellín,7759.84
66,4,43.8,4,11,5,M,Barranquilla,7351.77
50,6,50.8,3,0,8,F,Cali,6321.08
35,35,33.7,3,1,5,M,Cali,8055.33
69,26,41.3,5,18,3,M,Bogotá,10454.73
66,1,38.2,4,0,9,F,Bogotá,8179.13
45,24,25.3,2,15,1,M,Bogotá,7702.31
64,8,42.3,1,15,8,M,Bogotá,9022.48
28,26,50.0,2,17,3,M,Bogotá,8443.68
62,0,51.0,1,17,3,M,Medellín,7528.66
50,22,54.9,1,22,1,F,Medellín,8680.69
34,9,25.8,2,12,4,F,Cali,6489.5
23,24,53.0,4,21,5,F,Cali,9477.49
21,2,41.5,4,11,9,F,Medellín,7981.78
37,5,52.8,3,8,5,M,Cali,7665.32
65,5,36.8,3,4,2,F,Barranquilla,5906.99
64,1,35.8,1,8,8,F,Cali,6767.02
44,17,30.3,2,12,6,M,Barranquilla,7613.24
32,22,46.2,1,15,2,M,Barranquilla,9001.97
23,1,44.1,4,9,3,F,Bogotá,6746.09
64,11,31.1,1,15,6,F,Cali,8018.46
31,21,22.7,4,13,7,F,Barranquilla,8866.9
28,36,43.3,3,24,5,M,Cali,11816.64
56,19,44.2,2,1,3,F,Cali,6802.46
26,38,32.1,2,24,1,M,Medellín,9699.57
43,23,30.5,3,18,9,M,Medellín,10273.87
33,19,45.2,4,10,7,F,Bogotá,8238.22
22,0,54.9,3,18,0,M,Cali,7730.17
69,0,36.0,2,10,8,M,Medellín,8300.69
27,16,33.0,3,13,7,F,Barranquilla,8417.14
67,0,42.4,2,14,2,M,Barranquilla,6808.52
20,29,45.1,5,24,9,M,Bogotá,11471.22
30,2,37.1,3,6,3,M,Barranquilla,4605.69
60,10,56.2,3,14,9,F,Cali,8918.24
66,23,47.2,2,23,3,M,Barranquilla,10972.9
47,21,36.9,3,22,1,M,Bogotá,8939.14
62,25,27.3,2,24,9,M,Bogotá,12005.41
23,12,50.6,1,7,4,F,Barranquilla,5910.0
34,0,49.5,2,3,2,F,Cali,4157.77
62,23,37.6,4,17,0,F,Medellín,8906.8
68,9,42.8,3,13,1,F,Cali,8019.28
36,34,38.8,1,20,6,F,Cali,8506.41
59,23,44.2,4,17,0,F,Cali,8904.37
52,27,31.8,2,3,1,F,Barranquilla,6634.11
63,35,30.7,2,1,9,M,Medellín,9911.94
43,15,46.5,2,20,6,M,Cali,9298.85
68,39,47.5,3,5,0,F,Medellín,9282.42
22,15,36.1,3,10,6,F,Bogotá,8062.2
46,16,34.0,3,0,7,F,Medellín,8167.29
54,14,49.2,3,14,1,M,Barranquilla,8128.45
37,15,34.3,2,11,3,M,Bogotá,6232.07
66,14,40.4,4,23,6,M,Bogotá,10986.31
38,33,39.4,2,17,0,M,Cali,8048.69
27,10,28.3,4,4,5,F,Medellín,5224.24
22,0,41.5,3,10,4,M,Bogotá,6323.65
53,14,40.8,3,23,5,M,Bogotá,10230.38
23,25,42.9,3,20,7,M,Medellín,10295.99
43,3,41.3,3,18,0,F,Medellín,7498.77
21,4,57.1,1,21,2,F,Bogotá,7513.24
56,34,49.3,4,0,8,F,Bogotá,9184.24
56,12,40.3,1,16,7,M,Medellín,7974.1
67,9,41.0,1,7,3,M,Barranquilla,5420.33
52,10,54.1,3,22,9,M,Medellín,10710.97
18,17,46.9,3,15,8,F,Barranquilla,9896.55
41,33,30.2,1,10,6,F,Bogotá,8082.42
53,38,47.6,4,18,1,M,Cali,11516.84
23,22,49.9,5,23,0,M,Medellín,9228.02
58,6,52.9,3,10,0,F,Bogotá,7439.89
63,38,36.8,3,14,2,M,Bogotá,8459.92
61,2,36.2,3,7,9,M,Cali,9086.11
48,11,32.5,2,13,1,M,Medellín,5955.28
37,6,42.5,3,0,3,F,Bogotá,5777.65
41,25,45.9,4,9,7,F,Barranquilla,10817.34
42,32,35.9,5,6,4,F,Cali,8734.08
53,36,38.9,4,17,4,F,Barranquilla,12536.14
38,14,23.6,2,11,5,F,Medellín,8926.47
47,1,52.1,2,1,4,F,Barranquilla,6007.69
41,6,27.5,2,17,4,F,Cali,7270.95
61,31,43.0,2,20,6,F,Bogotá,10602.16
59,3,41.9,2,6,5,F,Cali,7022.89
47,19,40.4,2,19,9,M,Bogotá,10477.95
39,35,40.6,3,11,1,M,Bogotá,7293.54
45,31,31.9,4,19,0,M,Barranquilla,9635.63
24,27,37.4,3,24,0,M,Cali,8733.23
52,12,47.8,4,13,3,F,Cali,8053.46
45,0,50.1,1,9,1,M,Bogotá,4588.73
31,34,36.6,1,8,5,M,Cali,6968.71
27,29,27.5,4,22,8,M,Medellín,12387.4
33,35,33.8,3,14,9,F,Medellín,10142.15
33,24,54.8,3,19,9,M,Barranquilla,10531.13
48,15,34.2,1,23,7,M,Barranquilla,8823.0
59,18,39.2,2,9,3,M,Cali,7244.0
42,0,51.3,3,18,1,F,Barranquilla,7513.08
30,4,35.8,4,18,0,M,Cali,7017.23
23,21,38.7,4,11,6,F,Barranquilla,9339.8
61,23,46.4,3,22,9,F,Medellín,12757.04
26,36,53.7,3,11,2,M,Bogotá,8175.36
62,35,34.8,4,8,5,F,Bogotá,10590.25
53,35,51.1,3,19,4,F,Medellín,11206.1
60,3,37.7,3,3,4,M,Bogotá,5525.19
37,35,32.9,4,0,1,F,Cali,8435.43
35,17,42.0,4,15,8,M,Cali,9555.16
60,15,30.7,4,0,3,M,Medellín,8523.94
38,17,43.8,2,12,9,M,Medellín,9506.2
21,21,65.2,3,2,0,F,Medellín,6422.6
67,1,48.8,4,11,1,M,Medellín,7333.88
50,20,39.2,1,22,8,M,Bogotá,11064.07
44,35,48.4,4,8,6,M,Bogotá,9822.55
24,38,32.5,2,3,9,F,Bogotá,8999.07
23,38,33.9,4,1,1,M,Cali,7891.4
32,28,39.4,3,21,6,F,Barranquilla,11306.89
35,25,40.7,2,21,3,F,Cali,10122.87
49,20,29.7,3,8,9,M,Barranquilla,9464.42
28,16,37.5,3,19,1,F,Medellín,7600.26
37,15,38.8,3,23,3,M,Medellín,8941.8
41,30,52.3,2,12,4,F,Bogotá,7965.33
32,8,29.7,4,13,3,M,Bogotá,7744.61
65,30,28.9,3,2,2,M,Barranquilla,7453.23
24,13,41.4,3,17,5,F,Barranquilla,10092.07
38,36,49.2,1,8,0,M,Bogotá,7089.88
59,1,44.4,4,14,7,M,Medellín,9621.63
43,13,42.4,2,21,4,F,Bogotá,9793.79
61,32,37.7,3,23,7,F,Medellín,12473.57
31,34,45.4,4,9,9,F,Medellín,10150.69
54,38,46.6,2,24,3,F,Cali,10606.53
38,19,37.9,3,16,3,F,Cali,10913.79
35,1,32.4,2,12,4,M,Barranquilla,7760.16
22,18,32.5,4,0,4,M,Medellín,7020.28
20,36,47.0,3,10,5,M,Bogotá,9014.3
40,17,27.6,4,4,4,F,Medellín,6857.99
43,15,53.4,4,8,4,F,Barranquilla,7840.17
54,3,36.4,3,6,7,M,Medellín,7824.25
41,11,42.5,3,6,5,F,Medellín,9112.83
66,28,45.6,3,1,1,M,Barranquilla,7798.96
36,6,34.5,2,18,3,M,Medellín,8116.28
68,13,36.3,3,19,3,F,Cali,9883.29
42,11,41.1,4,17,4,F,Barranquilla,8652.52
38,34,33.2,2,9,5,F,Cali,9547.26
29,4,31.5,2,24,4,F,Barranquilla,8521.61
58,16,32.2,2,4,5,F,Medellín,7926.45
50,31,49.7,2,15,7,F,Cali,9845.41
67,9,43.2,1,22,3,M,Cali,8856.69
21,16,33.7,3,24,2,F,Bogotá,9541.74
59,4,47.0,3,4,8,M,Cali,8344.61
24,8,34.1,3,14,2,M,Cali,7693.75
39,32,24.4,2,21,7,M,Medellín,10158.58
50,35,45.6,3,15,9,F,Cali,12192.04
34,35,53.2,4,3,4,M,Cali,10140.05
41,17,44.5,5,13,8,F,Cali,9846.97
51,8,24.9,3,23,2,F,Medellín,7341.25
45,28,39.8,1,16,9,F,Barranquilla,10990.47
60,13,37.8,5,16,9,F,Medellín,10456.98
58,24,43.0,3,20,7,F,Cali,10220.93
56,14,33.2,2,15,6,M,Barranquilla,8687.83
39,5,37.3,1,8,6,F,Medellín,5878.52
66,28,28.6,1,1,9,M,Medellín,6698.01
34,14,41.8,2,10,8,F,Barranquilla,8610.45
51,28,28.9,1,14,7,F,Bogotá,9721.93
23,3,43.5,4,2,2,F,Cali,4782.41
63,17,34.0,3,23,5,M,Bogotá,10184.63
23,38,14.9,3,15,5,M,Cali,8824.73
51,15,46.4,4,20,4,M,Cali,9183.99
18,10,44.0,4,18,2,M,Bogotá,7488.48
27,13,50.8,4,21,8,F,Bogotá,10519.86
38,2,23.3,5,5,6,F,Cali,8868.45
22,37,34.8,2,13,3,M,Barranquilla,8361.4
19,17,41.1,5,4,5,M,Barranquilla,8602.67
39,19,44.6,3,4,4,M,Bogotá,8082.1
65,24,28.3,1,5,0,M,Bogotá,4865.69
19,37,43.5,3,17,1,F,Medellín,8219.49
27,12,35.4,3,21,0,F,Barranquilla,9323.03
51,3,25.2,4,17,8,F,Barranquilla,8628.03
33,13,34.0,2,18,8,M,Cali,8997.46
65,32,44.1,3,1,4,M,Medellín,9035.94
68,27,25.5,1,16,7,F,Cali,7860.05
56,36,45.1,2,0,9,M,Medellín,8710.86
39,7,42.3,1,8,3,M,Barranquilla,6310.83
29,33,38.0,3,12,0,M,Cali,7624.76
41,4,26.9,4,3,3,F,Medellín,5906.02
64,4,27.6,2,4,6,M,Cali,5550.73
57,30,36.8,3,22,1,F,Medellín,9544.58
55,8,31.0,2,17,1,M,Bogotá,6798.61
27,31,37.3,1,9,5,M,Cali,6307.17
52,32,47.2,3,24,8,F,Bogotá,12985.25
68,2,37.8,1,3,2,F,Medellín,4076.13
66,29,37.6,3,12,6,F,Cali,10036.06
49,11,37.6,1,12,9,F,Medellín,7313.1
24,28,48.1,1,16,8,M,Medellín,9942.98
38,2,50.3,3,7,8,M,Bogotá,6318.59
37,25,43.4,3,3,3,F,Cali,6910.35
43,29,41.1,1,22,1,F,Barranquilla,7781.79
21,8,41.8,3,2,0,M,Medellín,3105.52
63,25,51.4,4,10,5,M,Bogotá,10453.27
69,1,43.8,3,11,4,M,Barranquilla,7607.84
39,2,52.2,1,8,5,F,Bogotá,6053.27
32,3,36.6,3,14,6,F,Bogotá,8117.39
57,24,29.3,3,12,8,M,Bogotá,9910.98
38,12,34.6,1,4,9,F,Medellín,6353.79
32,38,35.5,4,4,9,M,Barranquilla,10360.21
39,34,52.8,4,18,5,F,Medellín,10741.81
69,22,45.9,4,10,5,F,Medellín,10763.38
45,8,34.9,4,8,2,M,Cali,6858.84
31,1,46.5,3,2,7,M,Barranquilla,6097.11
44,30,39.0,3,17,8,F,Cali,11234.26
58,1,53.1,3,12,0,M,Bogotá,8635.39
57,31,37.3,4,24,5,F,Barranquilla,11026.75
45,17,27.7,3,11,6,M,Barranquilla,7445.81
43,12,38.5,2,8,7,M,Medellín,7276.5
66,4,37.3,2,9,9,F,Bogotá,7310.92
19,9,29.3,4,12,7,M,Medellín,8534.47
42,24,44.7,1,19,6,F,Cali,9278.45
20,33,51.4,3,19,7,F,Bogotá,9695.44
25,36,31.0,5,12,8,F,Medellín,11609.57
61,29,47.8,3,21,9,F,Medellín,13360.14
50,6,35.1,5,8,6,M,Medellín,7777.28
59,5,39.8,3,23,2,F,Bogotá,8892.21
69,2,39.0,1,9,8,F,Cali,5394.26
52,12,39.8,4,18,0,F,Barranquilla,8222.51
23,2,43.8,2,5,7,M,Medellín,6139.73
56,25,31.8,2,6,5,F,Bogotá,7983.91
69,23,50.3,2,14,2,F,Barranquilla,8989.57
40,5,44.0,2,21,8,M,Medellín,8057.56
42,11,46.7,2,18,5,F,Bogotá,9298.51
67,35,33.8,2,13,6,F,Cali,9913.47
60,1,31.1,3,15,1,M,Medellín,6062.93
36,10,49.5,4,13,0,F,Bogotá,7471.46
22,38,30.7,2,24,0,F,Medellín,10168.82
68,33,41.2,2,19,2,M,Bogotá,10581.58
28,25,48.2,3,1,2,M,Cali,6528.81
29,17,39.0,3,8,7,M,Cali,9448.53
27,20,49.4,4,2,6,F,Bogotá,7896.21
25,35,37.8,1,5,9,F,Barranquilla,7022.12
41,39,29.8,4,4,7,M,Cali,10447.51
45,21,43.0,3,13,0,F,Medellín,7900.14
58,29,41.6,3,14,3,M,Cali,9614.76
53,29,61.5,1,17,7,F,Medellín,10718.55
54,7,32.4,2,16,9,M,Cali,8407.18
38,33,38.0,2,8,1,M,Cali,7587.86
25,8,34.2,2,18,6,M,Medellín,6635.18
26,19,38.9,3,22,7,F,Cali,9369.95
64,39,38.5,4,24,8,M,Medellín,13473.48
32,24,33.0,3,8,6,M,Medellín,7904.69
65,18,43.7,3,15,8,F,Cali,8785.0
63,4,38.3,3,5,1,M,Cali,6790.69
57,10,50.8,2,7,0,F,Medellín,6880.98
35,14,34.8,5,24,0,M,Bogotá,9957.01
59,7,54.9,3,2,3,M,Cali,5958.07
37,18,42.2,2,21,0,M,Barranquilla,8001.49
23,22,50.2,2,4,6,M,Cali,7459.72
29,26,40.9,3,6,7,M,Bogotá,9014.17
19,39,33.8,3,22,2,M,Bogotá,10635.54
24,31,37.9,1,24,0,M,Cali,7398.25
33,25,28.9,4,0,2,F,Cali,8536.21
20,26,39.1,3,21,1,M,Barranquilla,7919.72
62,18,41.4,3,20,5,F,Cali,8706.07
20,28,40.4,1,3,6,F,Bogotá,4559.01
44,38,50.6,2,15,8,F,Barranquilla,11357.82
67,32,38.8,4,13,4,F,Cali,11836.08
60,18,24.8,4,0,3,F,Barranquilla,6906.03
57,36,68.4,2,3,0,F,Barranquilla,6776.61
55,18,34.5,2,9,5,M,Bogotá,8612.13
50,32,47.7,2,10,7,M,Bogotá,8587.2
45,15,28.0,2,6,3,M,Medellín,7060.19
18,22,42.0,3,3,0,M,Bogotá,5460.41
25,6,33.6,5,0,4,M,Medellín,6057.74
54,25,17.4,2,0,9,F,Bogotá,8166.4
49,31,37.7,1,16,4,F,Bogotá,9251.82
65,11,39.6,4,9,1,F,Medellín,7964.4
60,7,38.2,1,4,5,M,Medellín,7289.14
54,4,41.9,5,6,9,M,Medellín,10189.96
21,27,37.8,3,24,8,M,Barranquilla,12165.86
47,4,40.6,4,7,5,M,Medellín,7303.15
23,25,41.4,2,1,7,F,Barranquilla,7300.86
63,4,39.7,1,8,9,F,Barranquilla,8353.12
36,21,38.6,3,3,2,M,Medellín,6397.63
49,14,32.9,3,11,9,F,Medellín,8614.7
26,12,44.8,2,10,1,M,Medellín,6198.68
29,27,37.7,5,4,3,M,Bogotá,8515.07
28,32,37.1,4,11,8,M,Bogotá,10007.38
63,22,44.1,3,20,8,F,Medellín,10248.52
33,32,41.7,2,3,2,F,Cali,7953.91
18,17,34.4,3,12,0,F,Medellín,6456.09
62,29,50.0,3,21,0,M,Cali,10265.08
38,25,30.5,2,0,3,M,Bogotá,6501.88
47,15,31.7,4,17,3,M,Bogotá,9530.82
30,12,45.3,2,3,9,F,Cali,7414.5
51,38,54.0,2,3,5,M,Bogotá,8780.77
21,32,35.4,1,7,4,M,Medellín,6924.03
45,25,43.3,4,24,5,F,Cali,11065.9
55,0,30.5,3,19,9,M,Cali,8024.66
48,37,32.6,2,5,6,F,Barranquilla,8305.58
44,1,49.1,2,3,6,F,Bogotá,6400.9
22,5,42.9,1,3,9,M,Cali,5993.0
42,37,49.3,2,10,9,M,Cali,9476.67
20,23,48.7,3,8,8,M,Cali,8534.63
50,17,23.3,2,13,5,M,Bogotá,6769.02
21,26,30.4,2,3,7,F,Cali,7429.2
42,7,42.2,4,12,1,F,Cali,7114.08
37,27,26.4,3,5,7,F,Medellín,10157.04
51,9,31.6,3,12,8,F,Medellín,8978.72
43,16,51.4,1,24,3,F,Barranquilla,7843.48
22,28,35.7,2,2,4,F,Cali,6091.97
52,5,45.7,3,22,4,F,Bogotá,9335.69
45,13,39.8,2,6,1,M,Barranquilla,6885.46
46,21,34.6,1,0,4,M,Barranquilla,7635.84
26,5,26.7,4,10,8,M,Barranquilla,8675.59
69,25,41.9,4,1,3,M,Cali,8955.22
55,38,51.6,1,4,9,M,Barranquilla,10607.53
67,11,34.8,2,23,2,M,Bogotá,8796.66
23,34,40.5,5,21,6,F,Medellín,11646.55
36,13,27.8,1,13,7,M,Medellín,6346.87
61,21,34.6,3,12,9,M,Cali,11170.7
28,22,42.7,5,15,5,F,Bogotá,10006.41
19,6,45.9,5,22,5,F,Bogotá,9204.61
64,39,44.4,3,14,4,M,Bogotá,10230.8
61,24,23.7,2,2,5,F,Cali,8520.8
61,12,36.3,2,5,8,M,Bogotá,8518.72
26,20,32.3,4,8,1,F,Medellín,6672.71
38,9,37.5,4,2,9,M,Bogotá,8180.89
41,8,39.1,3,12,2,M,Bogotá,7728.29
51,14,48.5,4,12,0,M,Cali,7065.48
39,1,42.4,3,21,3,F,Barranquilla,8323.99
20,24,51.3,3,6,1,F,Barranquilla,7462.29
29,12,34.4,4,4,5,M,Cali,7679.54
45,33,28.7,3,7,0,F,Cali,9624.87
47,33,51.6,3,7,7,F,Cali,12198.33
43,34,43.5,2,21,9,M,Cali,12256.48
65,37,34.1,3,6,5,M,Bogotá,10024.89
38,2,43.5,3,18,8,F,Bogotá,9033.09
45,5,46.7,2,6,5,F,Barranquilla,6792.72
43,18,41.0,4,22,9,M,Cali,12951.4
50,2,34.2,3,3,6,F,Cali,6592.92
38,17,36.5,4,9,4,F,Bogotá,7906.09
52,38,42.3,2,12,7,F,Cali,10753.49
69,8,41.6,3,3,7,M,Medellín,9419.18
51,11,49.7,2,18,9,F,Bogotá,8585.58
58,4,37.8,4,9,8,F,Medellín,7979.48
68,2,32.3,1,6,5,M,Bogotá,5482.7
64,10,60.6,3,4,0,F,Bogotá,5831.34
35,29,41.4,4,2,8,M,Bogotá,8395.06
28,3,46.7,2,21,2,M,Barranquilla,7812.8
40,4,44.2,5,21,8,M,Barranquilla,10278.85
65,0,41.5,4,21,6,M,Bogotá,8432.42
39,26,38.2,2,1,2,M,Bogotá,7196.54
34,27,17.6,1,10,8,M,Bogotá,8350.36
22,28,31.5,2,9,6,F,Bogotá,8803.81
61,17,42.6,2,22,6,M,Cali,9380.8
28,11,18.2,4,12,6,F,Cali,7011.33
47,12,40.6,5,6,1,M,Cali,8207.9
32,1,45.3,1,9,3,M,Barranquilla,5899.58
44,36,46.7,3,3,9,F,Medellín,8956.95
52,15,44.8,3,21,7,M,Bogotá,10282.48
50,23,47.7,1,19,1,M,Cali,7792.49
37,34,52.8,2,15,3,M,Cali,10113.92
33,21,48.8,2,19,9,M,Cali,10346.74
51,35,41.6,3,5,7,F,Bogotá,10673.99
19,10,38.9,3,8,2,M,Bogotá,5545.52
52,28,40.9,3,12,5,M,Medellín,9041.72
57,34,37.8,1,6,1,M,Barranquilla,7335.53
45,14,48.9,4,17,7,F,Medellín,9494.46
64,30,44.6,3,13,7,M,Bogotá,10923.76
56,15,37.0,4,21,0,M,Medellín,8313.34
23,9,50.6,2,4,2,F,Cali,6650.96
26,31,37.7,4,21,1,M,Medellín,11310.56
37,1,32.4,4,12,6,F,Cali,8518.55
18,23,39.9,2,23,6,F,Medellín,9748.57
25,22,33.4,2,7,3,F,Cali,6727.47
40,1,47.5,4,14,7,F,Medellín,8523.63
20,37,33.2,3,18,2,F,Barranquilla,8912.97
21,30,39.1,4,8,8,M,Medellín,9697.45
42,39,47.5,4,5,4,M,Bogotá,10050.78
64,25,34.3,3,22,1,F,Bogotá,9294.22
55,28,43.3,1,24,8,M,Cali,12041.63
32,2,32.2,2,13,0,M,Bogotá,5435.62
38,13,42.0,5,22,7,F,Cali,9837.02
52,24,44.5,2,9,5,F,Barranquilla,8303.25
63,0,39.7,1,8,0,M,Bogotá,4648.49
69,2,40.3,3,16,3,M,Bogotá,7337.27
31,25,43.6,3,12,2,F,Cali,9526.06
53,17,37.8,2,16,6,M,Barranquilla,8879.96
29,8,47.1,2,18,6,F,Barranquilla,8755.33
34,37,51.0,3,12,5,F,Medellín,10344.16
56,22,32.6,1,8,9,F,Cali,8790.3
26,20,54.1,4,0,9,M,Cali,8350.54
52,0,37.6,2,0,7,F,Barranquilla,5418.4
30,20,56.0,4,4,6,F,Cali,9409.97
32,26,37.7,4,7,3,F,Bogotá,8908.9
35,5,45.7,3,17,6,F,Bogotá,8055.81
68,35,45.6,2,3,0,F,Bogotá,8839.51
50,27,36.9,3,21,2,M,Cali,11091.6
23,16,40.6,2,0,1,M,Medellín,5456.84
44,39,51.5,2,14,6,M,Medellín,11613.63
40,2,37.4,4,19,8,F,Barranquilla,8719.25
44,11,36.7,3,3,4,M,Cali,5970.79
51,38,30.8,4,24,8,F,Barranquilla,12482.62
63,11,52.5,1,8,7,M,Cali,7635.5
55,1,36.2,1,21,0,M,Medellín,7762.3
31,21,49.6,5,23,1,F,Bogotá,9854.26
53,22,35.2,3,19,5,M,Cali,10200.39
25,29,49.3,3,9,4,M,Medellín,9445.28
52,4,46.5,3,23,6,M,Medellín,9651.46
36,8,38.2,2,14,8,F,Medellín,7498.15
47,20,34.1,3,2,3,M,Bogotá,6103.61
31,10,34.8,1,1,7,F,Medellín,6592.09
37,4,34.7,3,21,3,F,Barranquilla,7043.51
66,34,48.5,3,4,2,F,Medellín,8674.57
42,26,41.3,4,23,1,M,Medellín,10236.65
57,1,31.1,3,0,7,M,Cali,7382.25
41,23,38.0,1,10,7,F,Cali,8833.17
31,30,39.0,3,11,2,F,Cali,8598.67
43,32,22.9,1,2,0,M,Medellín,7188.72
55,38,38.4,2,22,5,M,Medellín,12277.16
40,29,45.8,1,15,4,M,Barranquilla,8225.66
39,36,38.9,3,13,7,M,Bogotá,10083.94
65,27,42.0,1,11,5,F,Medellín,9334.36
36,30,43.9,3,19,3,M,Bogotá,11196.1
63,10,37.3,4,15,9,F,Medellín,9478.63
68,22,45.8,3,20,9,F,Bogotá,9873.3
20,1,51.7,1,7,1,M,Cali,4915.18
59,39,27.8,2,16,7,M,Medellín,11923.47
36,26,37.2,3,16,4,M,Barranquilla,9361.58
26,34,58.6,4,6,7,M,Bogotá,11976.22
45,1,41.4,1,14,4,M,Cali,5636.28
37,38,39.7,4,8,5,M,Barranquilla,9426.75
62,36,37.9,3,3,9,M,Cali,9553.89
24,20,50.2,3,7,4,F,Medellín,7662.68
31,4,32.5,5,9,2,F,Barranquilla,7150.51
26,20,47.4,3,14,9,M,Bogotá,8825.18
36,28,37.8,4,22,7,F,Bogotá,12145.67
64,19,34.0,2,17,2,F,Barranquilla,8784.25
69,37,38.2,3,13,3,M,Bogotá,9590.15
31,19,39.6,3,4,5,F,Cali,7859.99
55,24,36.0,2,8,1,M,Barranquilla,7158.71
53,1,48.9,3,12,6,M,Bogotá,7859.76
57,31,34.1,2,24,4,F,Cali,11306.35
34,25,41.1,1,18,9,M,Bogotá,10225.79
47,5,44.3,2,10,4,M,Cali,7472.75
26,2,41.0,3,11,4,M,Medellín,6584.76
50,32,46.2,4,2,1,F,Cali,7663.16
69,0,36.5,3,1,9,F,Bogotá,6937.61
42,4,45.0,3,22,8,M,Cali,9303.56
31,12,45.2,1,21,2,M,Bogotá,8569.95
28,18,47.7,4,14,6,F,Barranquilla,8814.64
52,11,24.9,3,4,4,F,Barranquilla,6994.91
58,24,44.1,4,6,9,M,Medellín,9065.13
31,34,47.2,4,3,9,F,Cali,10135.43
47,11,36.7,2,4,4,M,Medellín,6349.16
58,29,35.6,3,24,3,F,Barranquilla,10680.62
21,4,34.4,5,15,9,F,Cali,9638.3
21,33,31.7,1,14,5,F,Cali,7771.9
45,21,45.3,3,15,6,F,Medellín,10605.2
25,38,58.3,5,24,6,M,Medellín,12011.81
19,12,35.6,2,3,7,M,Cali,7321.84
58,2,36.3,4,5,4,F,Cali,5777.57
63,19,40.1,4,17,6,M,Cali,10681.17
39,30,27.2,3,2,3,M,Medellín,8111.24
58,4,34.4,2,24,8,F,Bogotá,8978.2
33,23,39.5,2,21,4,F,Barranquilla,9299.73
46,39,32.8,1,23,2,M,Barranquilla,9631.12
66,32,49.6,4,4,4,F,Medellín,10092.21
65,7,29.6,4,1,8,M,Cali,8049.29
47,23,47.2,3,22,7,F,Barranquilla,12536.55
29,19,51.7,2,15,0,M,Barranquilla,6217.63
52,15,43.1,1,5,4,F,Barranquilla,6707.24
28,11,38.9,4,14,5,F,Barranquilla,8006.86
63,12,42.0,3,17,9,M,Cali,10104.65
67,38,36.5,4,5,1,F,Medellín,9453.82
38,24,23.7,3,12,5,M,Cali,8386.69
38,31,32.2,4,23,8,M,Cali,11354.56
22,23,39.9,3,12,3,F,Barranquilla,8600.0
65,8,32.5,3,0,2,F,Barranquilla,5853.99
37,39,36.7,2,15,8,F,Cali,10478.12
54,22,43.8,4,3,1,F,Cali,7975.6
20,12,41.2,3,16,8,M,Cali,8018.38
61,31,48.5,2,17,9,M,Bogotá,11559.92
50,14,42.4,1,15,1,F,Barranquilla,6239.09
26,35,42.8,2,0,9,M,Medellín,8786.67
26,4,34.3,3,5,2,F,Medellín,5806.01
21,21,29.4,2,10,6,M,Medellín,7439.58
52,15,36.7,2,5,1,F,Bogotá,5474.62
34,9,34.2,3,16,0,F,Bogotá,7008.39
51,23,38.7,2,3,8,M,Medellín,7329.62
41,17,31.5,4,13,5,F,Medellín,8827.91
49,17,46.7,3,13,8,M,Medellín,10076.62
18,6,34.2,3,19,2,F,Cali,7110.64
25,3,37.1,1,7,2,M,Barranquilla,5664.73
62,25,39.8,2,21,9,M,Bogotá,11203.07
40,4,49.0,2,1,2,M,Bogotá,5693.64
64,15,54.1,4,4,1,M,Cali,8364.87
57,34,54.6,4,3,5,F,Bogotá,10949.69
29,25,29.7,2,9,2,F,Medellín,6106.41
29,17,37.0,3,19,4,F,Bogotá,8301.61
63,28,35.5,2,23,4,M,Cali,10429.82
64,22,43.0,5,20,9,F,Barranquilla,12845.55
32,13,42.5,5,2,2,F,Medellín,7252.19
58,14,35.3,3,15,2,F,Bogotá,8294.37
36,32,34.7,3,9,0,F,Medellín,8884.81
43,24,32.0,4,14,5,M,Barranquilla,9384.82
69,20,18.8,3,3,2,F,Bogotá,7059.6
46,16,29.6,3,0,0,F,Medellín,6290.65
39,22,46.9,5,21,9,M,Cali,13673.72
57,16,51.7,3,14,8,F,Cali,9744.73
38,13,50.8,3,9,0,M,Barranquilla,6315.08
68,28,47.3,4,19,4,F,Barranquilla,10775.96
55,19,31.9,3,21,4,M,Barranquilla,9400.77
37,29,30.6,3,17,1,M,Bogotá,10004.84
46,18,25.5,2,15,0,F,Barranquilla,6979.66
68,38,35.3,2,20,5,F,Bogotá,11413.17
21,12,40.7,1,8,6,F,Medellín,6181.94
24,17,31.9,3,23,8,F,Cali,8747.98
45,22,43.4,3,18,7,F,Medellín,9833.83
45,32,45.2,5,16,9,F,Cali,10103.43
21,38,36.2,3,9,2,M,Barranquilla,8728.08
39,39,29.3,4,18,8,M,Medellín,12186.14
29,17,51.0,2,7,0,M,Medellín,5513.52
62,8,40.3,4,18,5,M,Barranquilla,9020.82
20,32,55.5,3,4,9,F,Medellín,8100.08
39,31,40.7,3,1,1,M,Bogotá,5612.43
61,16,41.3,2,14,9,M,Cali,8199.56
19,18,32.3,3,16,8,M,Barranquilla,9441.1
41,26,36.6,3,9,8,F,Bogotá,9082.58
51,5,27.5,3,20,7,F,Bogotá,9055.0
44,34,29.3,4,20,6,F,Barranquilla,12992.26
58,36,45.9,4,21,5,M,Medellín,12837.53
18,33,37.7,5,1,1,F,Cali,8406.73
25,19,36.6,3,8,3,M,Bogotá,6866.21
40,24,34.1,5,1,9,M,Medellín,10599.01
55,3,36.9,4,17,6,M,Barranquilla,9896.7
23,9,49.1,2,11,5,F,Barranquilla,7566.0
39,9,41.2,2,14,8,F,Cali,8089.06
42,23,30.6,2,20,4,F,Barranquilla,8309.37
35,20,48.2,1,24,5,M,Cali,10291.85
34,10,53.8,2,19,9,F,Barranquilla,9733.41
29,26,44.0,1,5,5,F,Barranquilla,6902.14
23,15,47.1,3,17,7,F,Bogotá,8700.08
43,25,49.8,2,12,7,M,Medellín,8184.74
44,29,26.7,2,3,5,M,Bogotá,8288.79
25,15,54.9,4,11,7,M,Cali,9004.89
36,6,48.8,4,8,6,M,Bogotá,8090.21
59,15,43.9,5,1,0,F,Barranquilla,8197.74
18,34,39.0,3,15,4,F,Barranquilla,9932.56
46,15,29.3,3,0,9,M,Medellín,6889.52
62,39,37.3,2,3,9,F,Cali,9907.4
66,11,43.6,2,14,9,M,Barranquilla,9494.24
52,34,31.2,2,19,4,F,Medellín,10458.6
57,20,39.4,2,0,9,F,Medellín,6643.78
31,35,30.5,5,19,8,F,Barranquilla,11107.67
52,16,36.9,1,14,6,M,Barranquilla,8539.38
65,31,29.2,2,2,6,F,Cali,8996.67
62,5,28.3,2,12,9,F,Medellín,9402.25
37,23,42.7,3,17,1,F,Medellín,7405.46
66,26,35.4,2,12,7,F,Medellín,10319.09
30,19,36.1,3,9,2,M,Cali,7592.57
55,24,34.9,1,19,8,M,Medellín,8857.77
66,1,61.8,2,23,5,M,Bogotá,7503.01
63,8,44.9,1,6,8,F,Bogotá,7961.23
66,27,45.7,3,24,8,F,Medellín,11188.68
25,37,33.8,1,7,6,F,Bogotá,7080.67
60,2,44.0,4,0,9,M,Bogotá,7982.82
37,19,38.2,3,17,7,M,Cali,9450.27
50,5,33.7,3,11,1,F,Medellín,7135.21
43,38,55.4,2,17,4,M,Cali,10630.47
56,32,44.6,2,23,2,M,Medellín,12965.38
38,0,44.2,1,11,0,F,Barranquilla,5511.8
66,36,32.2,3,19,5,M,Bogotá,11820.66
59,5,29.8,3,8,8,F,Cali,7176.19
60,33,39.5,3,1,1,M,Cali,9302.39
58,14,35.4,3,13,8,M,Barranquilla,8856.74
26,25,44.9,4,3,7,M,Barranquilla,7855.19
41,13,45.4,4,14,8,M,Bogotá,9356.81
54,6,40.5,1,16,4,F,Bogotá,7509.59
66,30,46.6,3,18,1,F,Medellín,9739.54
58,23,41.5,1,5,9,M,Medellín,7611.35
34,30,33.0,3,8,9,F,Barranquilla,8786.78
41,28,38.4,2,16,5,M,Bogotá,9425.57
38,31,41.1,1,14,6,F,Bogotá,9374.76
68,16,47.4,4,4,2,M,Barranquilla,8584.89
56,13,41.8,3,17,5,F,Barranquilla,7862.49
58,39,35.4,2,22,5,M,Cali,10576.54
56,35,47.7,1,3,7,M,Barranquilla,9420.47
30,23,43.0,3,20,0,F,Cali,8295.63
28,26,52.4,4,23,3,M,Medellín,10588.12
63,24,40.7,3,1,0,M,Barranquilla,9326.55
36,31,31.7,5,18,7,M,Barranquilla,9611.82
28,17,49.4,1,4,1,M,Barranquilla,5377.6
30,17,35.4,3,3,7,F,Cali,7967.34
63,36,42.4,4,4,2,F,Barranquilla,8685.61
62,25,41.5,3,18,7,M,Barranquilla,10624.6
18,8,40.4,1,12,5,M,Bogotá,5175.8
57,34,38.6,3,15,0,F,Bogotá,9986.23
61,7,26.8,3,11,6,F,Bogotá,7470.13
36,19,32.0,3,8,6,M,Barranquilla,7715.44
29,21,49.0,4,23,5,M,Bogotá,11117.38
25,18,43.4,4,15,0,F,Medellín,8460.88
25,29,55.3,3,13,4,M,Bogotá,9913.2
62,27,31.7,2,21,0,F,Barranquilla,10611.5
29,34,39.8,2,0,0,F,Bogotá,6600.94
65,10,49.3,4,19,5,F,Bogotá,11637.84
50,30,35.5,5,22,7,M,Bogotá,12377.44
62,38,36.1,1,20,0,F,Medellín,10585.61
43,35,37.7,3,3,1,F,Medellín,7977.46
56,29,36.4,2,8,4,M,Cali,9198.28
45,22,44.3,2,23,7,F,Barranquilla,9867.97
22,18,25.8,3,18,3,F,Medellín,9208.55
25,11,53.1,3,13,4,F,Medellín,8582.32
42,14,32.3,1,21,9,F,Medellín,8803.59
44,30,23.1,4,11,4,F,Barranquilla,9591.48
63,36,39.9,4,3,2,F,Cali,8558.15
40,36,37.0,5,6,5,M,Barranquilla,10899.04
47,14,38.6,2,16,4,M,Bogotá,8766.48
62,28,42.5,3,0,1,M,Cali,6641.4
64,25,45.2,2,13,9,F,Bogotá,11875.19
40,1,53.5,2,14,3,F,Medellín,6980.55
66,19,34.5,3,11,3,F,Barranquilla,8421.67
64,14,46.2,4,11,6,M,Bogotá,10391.97
37,3,45.7,1,5,6,M,Cali,5232.87
35,21,18.9,5,12,8,F,Bogotá,10924.07
35,37,33.3,4,15,9,M,Bogotá,10493.49
19,22,29.7,4,13,1,M,Medellín,7762.96
21,25,43.6,4,6,5,F,Bogotá,8329.06
47,10,42.7,2,24,1,M,Bogotá,7760.26
50,27,42.9,4,15,8,M,Medellín,10364.11
53,1,37.6,2,22,1,M,Cali,6919.52
35,7,38.4,4,8,5,M,Medellín,7045.14
54,28,39.8,2,13,7,F,Bogotá,9271.74
36,10,36.8,2,24,5,F,Barranquilla,9779.36
64,36,46.2,3,23,2,M,Medellín,11679.69
45,17,31.4,2,6,4,M,Medellín,6905.55
57,13,33.7,2,11,3,M,Bogotá,8002.5
37,9,41.0,3,2,0,M,Barranquilla,5423.73
66,34,37.1,4,13,4,F,Cali,10151.22
50,8,31.1,3,18,9,F,Barranquilla,8031.94
29,34,44.3,2,10,4,M,Medellín,9400.56
68,10,35.4,2,4,6,M,Barranquilla,5430.44
32,11,33.2,2,22,6,M,Cali,7311.09
58,2,38.6,3,12,1,M,Barranquilla,7232.69
56,38,32.9,3,9,3,F,Barranquilla,9599.69
19,13,39.7,1,6,0,M,Barranquilla,5997.84
46,27,37.1,2,16,4,M,Medellín,8571.17
58,10,35.9,2,15,4,F,Bogotá,8504.04
27,38,35.9,2,7,3,M,Bogotá,8052.35
19,24,48.0,2,16,9,F,Barranquilla,9774.37
68,20,43.0,4,12,6,F,Medellín,10220.95
28,9,26.3,2,10,5,M,Medellín,6917.72
30,14,47.1,3,19,9,F,Medellín,9828.48
27,18,44.1,3,17,2,M,Bogotá,8451.3
31,21,43.7,2,4,1,M,Medellín,5419.66
35,20,47.1,3,5,3,F,Barranquilla,7442.03
68,31,40.1,3,19,8,F,Bogotá,12143.62
26,22,45.0,2,13,9,F,Medellín,8903.68
56,12,36.3,4,11,4,M,Barranquilla,8443.13
45,4,46.8,2,3,0,M,Bogotá,3500.64
20,3,41.7,4,6,2,M,Medellín,7212.77
37,27,29.0,3,10,8,M,Cali,8225.89
23,13,48.3,3,19,6,M,Barranquilla,8324.98
44,7,39.0,4,1,2,F,Cali,5634.32
19,8,37.9,4,3,0,F,Bogotá,5780.9
46,34,36.5,3,6,3,F,Medellín,9011.07
55,36,37.0,4,0,8,M,Barranquilla,10437.47
20,20,41.8,2,14,6,M,Barranquilla,8670.04
33,17,32.1,3,19,4,M,Barranquilla,10125.27
47,32,27.5,1,21,5,M,Cali,9423.16
57,7,31.5,1,23,0,M,Medellín,6552.5
19,16,43.1,4,7,6,F,Medellín,7753.64
34,30,38.7,1,24,4,M,Medellín,8626.31
58,33,48.9,2,4,6,F,Cali,8727.3
29,5,39.5,4,13,4,M,Bogotá,6336.65
52,21,46.7,1,17,4,F,Cali,7851.92
60,13,34.5,2,2,2,M,Bogotá,4847.52
18,2,36.5,3,1,4,M,Cali,6044.31
62,11,40.1,3,24,7,F,Medellín,10400.37
32,35,38.8,4,21,7,M,Medellín,13106.25
43,11,38.1,3,15,1,M,Medellín,8414.95
54,1,33.0,3,13,0,M,Cali,7452.36
38,1,27.3,3,15,1,F,Barranquilla,6327.76
66,14,45.0,3,10,6,F,Cali,9237.03
48,22,44.2,3,16,2,M,Bogotá,8225.87
42,28,35.1,4,2,7,F,Cali,8530.61
40,16,43.0,2,22,3,F,Bogotá,8676.21
41,31,38.7,2,22,9,F,Cali,9634.17
55,6,48.8,1,4,9,F,Barranquilla,6461.8
45,29,29.5,3,2,7,F,Barranquilla,9161.86
38,27,39.0,1,14,1,M,Medellín,7182.85
60,13,38.3,3,22,4,M,Barranquilla,8965.5
35,29,41.3,4,4,5,M,Cali,8486.94
53,16,52.3,3,21,0,F,Barranquilla,9507.93
52,31,39.0,2,2,0,F,Medellín,7393.78
62,5,45.9,4,5,8,F,Cali,8158.27
26,23,38.8,2,22,4,M,Bogotá,9026.1
55,5,48.6,3,13,3,M,Cali,8349.62
47,26,46.0,3,23,0,M,Medellín,10750.91
61,17,37.3,2,1,2,M,Barranquilla,6084.68
51,23,36.8,4,17,3,M,Barranquilla,9741.04
49,36,43.9,2,5,4,M,Cali,9659.37
20,23,34.8,5,23,9,M,Bogotá,11840.3
20,37,41.5,1,4,4,M,Bogotá,6240.17
45,33,37.2,2,13,9,F,Bogotá,9468.46
61,39,42.9,2,16,7,F,Bogotá,10418.82
32,14,38.7,1,10,2,F,Cali,5767.95
58,10,34.5,3,0,6,M,Barranquilla,7263.37
40,21,48.8,3,9,5,M,Bogotá,10000.18
57,23,41.9,4,8,9,M,Cali,10087.12
28,0,39.6,2,19,9,F,Cali,8401.61
65,17,43.4,2,11,9,M,Cali,10163.05
49,11,26.6,3,0,5,F,Bogotá,7693.45
53,27,56.7,2,23,9,F,Bogotá,12303.36
50,39,40.2,3,17,8,M,Cali,11015.44
41,6,24.3,3,11,6,F,Cali,6228.95
56,22,49.6,1,1,6,M,Cali,6721.1
51,20,34.0,4,0,0,F,Barranquilla,7019.79
45,33,48.3,3,0,0,M,Barranquilla,6895.08
54,10,41.0,3,24,8,M,Medellín,8944.91
24,21,27.4,2,0,8,M,Medellín,5818.71
21,34,42.1,2,21,9,F,Bogotá,13101.76
54,28,41.5,2,11,2,M,Barranquilla,8257.06
18,27,49.2,2,6,7,M,Medellín,9408.11
18,17,44.2,2,3,8,M,Cali,6745.21
64,13,30.1,4,20,0,M,Cali,9625.6
37,17,48.0,3,19,2,M,Bogotá,8570.45
36,27,36.7,3,3,5,F,Bogotá,7976.35
46,23,53.8,2,14,3,F,Medellín,9199.72
27,7,37.2,4,0,7,F,Cali,6371.05
35,7,38.3,2,5,8,M,Bogotá,5754.18
45,3,33.4,4,13,6,M,Bogotá,7481.84
52,26,36.0,5,13,0,M,Barranquilla,8831.52
60,35,33.9,3,9,1,F,Medellín,9155.52
64,4,49.4,5,6,0,F,Bogotá,5864.2
48,32,29.3,3,22,8,M,Medellín,11683.67
44,33,46.4,2,23,3,F,Cali,11309.04
28,29,46.6,2,22,9,F,Medellín,10252.56
66,7,51.0,2,21,7,M,Bogotá,8871.29
66,38,40.4,1,11,4,F,Barranquilla,10989.86
55,25,31.8,3,23,4,M,Medellín,11589.58
22,36,38.6,2,18,4,F,Medellín,9811.06
25,33,44.8,4,8,4,F,Cali,8598.98
51,6,40.7,2,2,2,F,Barranquilla,5972.59
65,39,42.9,3,3,5,M,Medellín,8941.69
69,27,50.9,5,12,0,F,Barranquilla,9030.14
29,38,44.7,2,9,7,M,Bogotá,9777.24
55,38,41.6,3,13,3,F,Barranquilla,9816.38
18,27,25.2,4,5,5,M,Bogotá,6469.39
48,13,33.7,2,7,1,M,Cali,6754.91
21,37,36.8,3,18,1,M,Cali,10565.14
66,3,24.2,2,9,7,F,Cali,7760.7
62,17,31.1,4,21,0,M,Bogotá,8997.46
67,24,37.9,3,4,7,F,Medellín,7331.21
22,6,39.2,3,4,9,M,Bogotá,7015.08
47,37,44.0,4,4,9,M,Barranquilla,10049.48
41,27,38.4,2,8,0,M,Barranquilla,6500.0
20,4,42.0,4,22,8,M,Bogotá,7632.59
28,2,36.7,4,8,0,F,Cali,7372.1
62,30,40.3,4,14,3,F,Cali,9456.74
21,19,43.6,4,8,8,M,Barranquilla,7301.73
43,18,51.8,2,13,0,F,Barranquilla,8707.71
44,10,35.9,5,5,8,F,Medellín,8663.35
63,39,41.2,2,21,7,M,Medellín,11633.77
60,2,47.0,3,19,4,F,Medellín,8692.52
44,22,28.5,2,7,5,F,Barranquilla,7976.05
59,6,56.0,5,1,4,M,Medellín,7885.58
68,22,49.4,3,4,3,F,Barranquilla,7075.59
67,6,26.3,4,16,9,M,Barranquilla,8502.09
23,33,43.0,1,9,3,F,Bogotá,6956.82
32,18,35.5,4,13,9,M,Medellín,9224.42
47,8,36.8,4,17,7,F,Bogotá,9018.98
59,17,42.8,3,0,7,F,Bogotá,8059.85
54,24,48.4,2,21,8,F,Medellín,10392.35
54,13,36.3,3,1,2,F,Barranquilla,5909.94
59,24,36.4,1,3,9,F,Barranquilla,8416.77
54,18,43.0,3,12,7,M,Barranquilla,9846.06
52,38,44.6,2,15,2,F,Medellín,9061.97
40,14,31.9,2,4,1,M,Barranquilla,4684.15
23,15,53.8,2,22,1,M,Bogotá,8066.15
21,26,34.9,2,9,8,F,Cali,7971.98
35,39,47.7,1,16,3,M,Medellín,9899.37
26,9,43.6,4,10,4,F,Cali,6735.83
66,3,44.9,3,4,1,F,Bogotá,5278.87
46,18,35.0,2,14,8,F,Cali,8388.33
30,27,26.2,3,3,6,F,Bogotá,8278.83
64,20,39.8,3,6,2,M,Cali,7635.7
69,13,39.9,4,9,5,F,Cali,8872.62
34,32,32.3,2,22,6,F,Barranquilla,9838.33
62,9,47.3,2,23,5,F,Cali,10051.9
49,18,39.6,5,3,9,M,Bogotá,9805.44
65,29,33.5,2,19,9,M,Bogotá,9809.42
39,21,44.7,1,4,5,M,Bogotá,7526.44
21,2,44.9,1,4,7,M,Medellín,5710.82
22,36,34.3,1,10,7,F,Bogotá,9412.32
54,17,49.9,5,18,4,M,Medellín,9995.52
58,10,57.9,2,4,3,M,Bogotá,5947.3
66,1,31.3,4,20,4,M,Medellín,8833.36
30,11,38.5,5,7,8,M,Cali,8777.94
51,5,42.7,3,6,9,F,Cali,8783.78
62,39,58.2,1,7,5,F,Bogotá,9892.22
39,28,34.1,1,12,2,M,Medellín,7685.77
40,29,32.5,3,4,2,M,Barranquilla,7585.48
68,1,32.4,2,17,0,F,Barranquilla,6818.21
20,8,49.8,3,23,4,F,Barranquilla,8131.55
59,1,34.3,2,8,5,F,Cali,7072.65
51,28,33.2,4,1,7,F,Cali,7871.25
49,32,41.8,3,15,8,M,Medellín,10818.96
62,9,42.5,3,13,6,M,Bogotá,9502.81
68,33,48.6,4,16,0,F,Cali,9580.44
66,7,40.7,1,5,6,M,Bogotá,8176.23
38,36,42.0,2,2,9,M,Barranquilla,8138.17
63,32,39.2,1,16,8,M,Barranquilla,9839.25
61,5,29.6,1,12,3,F,Bogotá,7229.75
38,39,38.4,3,5,6,F,Medellín,10607.63
61,18,40.5,2,7,8,F,Barranquilla,8798.48
28,31,36.4,2,24,0,F,Medellín,9370.91
56,26,27.5,5,5,9,M,Barranquilla,11722.8
21,0,30.9,2,15,8,F,Cali,5794.01
68,32,39.7,3,5,3,F,Barranquilla,7675.63
18,39,47.5,1,16,7,M,Medellín,8063.02
45,31,53.5,2,20,2,F,Cali,9026.49
41,4,38.5,3,2,1,M,Barranquilla,4789.63
52,16,34.3,4,22,7,F,Cali,10938.96
30,7,37.0,2,11,7,M,Cali,7891.2
64,33,31.6,1,24,2,M,Barranquilla,10720.89
51,8,46.3,2,5,7,M,Bogotá,7813.0
28,22,57.1,1,20,5,M,Bogotá,7950.06
53,34,34.5,2,6,9,F,Medellín,9890.34
68,6,30.5,3,10,8,M,Medellín,7850.47
34,14,48.1,1,8,9,M,Barranquilla,7932.22
52,19,42.5,3,15,5,F,Cali,9291.63
35,24,42.7,3,4,7,M,Cali,9023.45
57,2,52.7,2,14,1,M,Bogotá,8656.5
39,23,29.1,1,20,0,F,Bogotá,7625.23
41,33,28.8,5,3,9,F,Cali,9374.33
36,21,38.7,2,4,9,F,Cali,6635.54
54,10,40.5,4,6,1,M,Medellín,6460.05
56,7,37.2,2,2,3,M,Cali,6711.47
38,38,59.7,3,3,9,F,Cali,10433.1
25,34,37.5,2,24,8,F,Barranquilla,11071.74
45,37,35.6,2,14,6,F,Cali,10304.16
22,7,41.0,1,1,8,M,Bogotá,6020.5
34,36,47.8,2,23,8,M,Bogotá,10061.36
54,26,34.2,4,24,8,F,Medellín,12712.01
53,27,38.8,3,4,7,M,Medellín,9258.52
36,39,48.0,1,6,5,M,Barranquilla,7307.41
44,33,48.4,3,21,9,M,Medellín,12054.35
51,31,41.7,4,16,6,F,Cali,9958.57
28,14,59.3,3,7,1,F,Cali,7157.64
62,16,55.8,1,8,0,M,Barranquilla,6722.94
64,32,28.8,4,9,4,F,Bogotá,9164.65
29,15,26.5,2,10,7,M,Cali,7753.3
38,28,46.4,3,0,2,M,Cali,7933.22
28,8,50.9,3,14,6,F,Barranquilla,7524.7
56,32,38.2,4,7,4,F,Bogotá,10298.81
45,28,36.0,4,18,9,F,Medellín,11142.18
22,12,33.4,4,11,7,M,Cali,8930.44
34,20,30.7,1,5,5,F,Bogotá,6433.74
37,20,49.1,4,9,5,M,Barranquilla,9780.02
58,4,36.9,1,23,6,M,Barranquilla,7552.62
63,9,42.4,2,4,6,M,Bogotá,6403.28
29,5,25.4,3,23,3,M,Barranquilla,7235.6
23,12,48.0,3,6,9,M,Medellín,7876.33
34,0,44.7,3,6,9,F,Bogotá,6918.68
68,19,29.2,3,22,9,M,Medellín,11327.25
36,7,42.1,4,24,7,M,Barranquilla,8940.2
43,9,40.0,2,21,5,F,Medellín,7841.01
65,8,36.4,2,21,7,M,Medellín,10247.51
61,2,16.8,4,8,6,F,Medellín,7894.27
61,10,34.7,1,14,0,M,Medellín,7024.37
69,11,42.4,3,5,3,F,Bogotá,7236.76
49,9,35.6,3,15,6,F,Barranquilla,8714.87
23,24,38.2,3,6,8,F,Barranquilla,8008.1
53,24,52.0,3,14,1,F,Cali,7424.78
55,10,39.4,2,22,4,F,Medellín,9534.35
28,35,23.2,4,1,8,M,Medellín,9213.74
50,38,38.5,1,7,8,F,Cali,8721.87
41,25,40.8,2,11,5,F,Cali,8458.01
40,13,33.4,1,10,6,F,Medellín,6568.08
32,38,45.9,3,5,8,M,Barranquilla,10927.28
44,39,28.3,3,19,9,F,Cali,12261.75
28,0,38.9,4,12,7,M,Medellín,6705.23
68,3,28.2,3,22,9,M,Barranquilla,8776.31
67,29,37.6,3,15,5,F,Bogotá,10559.43
34,11,45.7,4,7,5,M,Cali,7862.99
68,34,38.7,3,16,6,M,Cali,11534.88
31,12,38.2,3,12,6,M,Barranquilla,7833.34
44,30,40.2,3,3,1,M,Bogotá,7145.13
35,37,40.6,2,19,8,M,Barranquilla,11231.72
45,22,45.6,4,9,3,F,Cali,9224.28
68,3,45.6,2,24,9,M,Bogotá,10809.98
64,15,51.4,3,21,8,M,Medellín,11278.56
64,6,41.3,3,19,9,M,Cali,9110.03
21,21,26.7,4,15,2,M,Barranquilla,8510.66
24,28,46.9,4,16,4,M,Barranquilla,9534.86
62,10,50.8,3,7,4,F,Barranquilla,6995.99
52,32,59.7,3,10,6,M,Barranquilla,8724.39
65,28,51.6,2,24,3,M,Barranquilla,12417.19
26,38,36.1,3,4,3,M,Cali,7864.38
25,11,41.5,4,20,0,F,Bogotá,7926.55
69,6,37.8,4,15,5,F,Barranquilla,9247.85
62,38,36.7,4,23,3,F,Barranquilla,12089.85
34,25,39.1,1,7,9,M,Medellín,6059.24
34,39,50.3,4,20,9,M,Medellín,12291.91
66,8,27.3,4,15,4,M,Bogotá,10216.42
50,33,32.0,2,3,8,M,Cali,8660.53
49,12,49.8,3,5,3,M,Cali,8440.09
25,35,51.6,4,20,0,M,Bogotá,10124.13
36,24,34.7,3,7,8,M,Bogotá,8499.59
55,23,53.2,5,8,4,M,Bogotá,9888.53
20,16,47.8,3,12,9,M,Barranquilla,8767.06
22,1,37.9,3,16,6,M,Cali,7330.77
30,12,20.5,4,8,2,M,Bogotá,6411.84
64,30,26.7,3,12,3,F,Medellín,8349.4
63,28,34.7,4,8,9,F,Barranquilla,11044.5
48,27,46.1,3,5,8,F,Barranquilla,9327.38
33,26,46.1,2,9,9,F,Barranquilla,10308.05
67,14,36.3,1,4,0,M,Barranquilla,5792.82
49,30,38.1,2,6,4,F,Bogotá,7005.42
39,39,39.7,3,10,7,F,Barranquilla,10548.43
46,14,38.3,4,23,9,F,Medellín,10965.24
39,32,41.3,2,8,6,F,Medellín,8469.81
60,19,39.8,2,24,3,F,Bogotá,10091.74
20,11,26.6,2,9,6,M,Barranquilla,6957.1
27,36,38.3,3,10,0,F,Medellín,7371.97
59,8,39.8,5,2,5,F,Cali,7577.72
38,22,47.9,3,7,8,M,Barranquilla,9744.04
33,7,33.3,3,16,2,F,Bogotá,6420.71
29,31,41.6,3,6,3,M,Cali,8011.11
19,13,44.5,1,11,7,M,Barranquilla,7084.24
58,26,38.8,3,15,4,M,Cali,8788.89
41,24,26.0,3,14,4,M,Barranquilla,8736.27
52,12,48.1,3,20,0,F,Barranquilla,8276.5
47,20,46.0,4,12,5,F,Medellín,9146.22
47,30,41.8,4,17,1,M,Cali,8717.55
64,36,40.3,4,17,0,F,Cali,10624.25
52,4,25.7,4,23,5,M,Bogotá,8770.65
36,12,46.2,5,4,4,F,Bogotá,8685.62
67,27,51.9,3,13,4,F,Cali,10306.04
25,24,31.1,1,10,8,M,Medellín,7189.87
43,34,50.8,3,2,9,F,Medellín,9280.62
66,38,49.1,4,16,9,M,Barranquilla,12746.6
57,6,30.9,1,22,2,M,Bogotá,7090.84
24,37,36.8,1,11,0,F,Bogotá,6219.87
47,31,28.8,1,2,7,F,Bogotá,7960.89
24,2,39.5,3,22,4,M,Barranquilla,8213.43
20,38,43.6,3,1,4,M,Medellín,8706.72
18,36,29.4,2,3,7,F,Bogotá,8782.0
53,21,43.1,1,17,7,F,Barranquilla,8428.81
42,7,45.1,3,19,1,F,Cali,8394.31
54,16,45.2,2,20,2,F,Medellín,7694.57
18,26,43.6,2,13,9,M,Cali,9329.73
32,32,30.2,3,7,9,F,Bogotá,8886.04
54,16,39.0,3,1,0,F,Barranquilla,6669.65
30,11,42.8,2,18,2,M,Medellín,6125.72
57,26,51.7,3,9,3,F,Bogotá,9394.68
25,7,40.0,2,4,6,M,Medellín,5335.66
22,22,43.4,4,10,8,M,Barranquilla,9647.27
26,28,32.5,2,8,4,F,Barranquilla,7935.69
18,19,30.8,2,15,0,F,Bogotá,7040.33
53,15,29.7,4,4,1,M,Medellín,7188.58
52,16,36.6,3,14,9,M,Barranquilla,8675.27
19,15,56.5,2,13,1,F,Medellín,7974.76
57,18,36.8,1,8,8,M,Medellín,7873.04
40,7,42.9,4,19,9,M,Cali,9677.54
26,37,44.5,4,4,6,M,Bogotá,10565.37
51,37,31.3,2,14,1,M,Bogotá,8373.35
63,28,36.5,3,8,0,M,Medellín,8284.51
31,35,45.0,1,3,4,M,Cali,7545.81
21,25,43.4,3,20,0,M,Medellín,8390.6
47,30,24.0,1,20,8,F,Bogotá,10153.6
48,11,44.8,2,3,2,M,Bogotá,5546.95
55,16,35.6,1,19,1,F,Medellín,7614.45
28,14,35.8,3,20,5,M,Medellín,8862.01
52,8,43.2,2,21,2,F,Medellín,9101.61
25,38,52.2,2,6,4,M,Bogotá,9792.96
20,11,38.4,1,14,9,F,Medellín,7571.6
31,31,49.4,2,21,7,F,Medellín,11375.39
30,24,28.5,4,16,9,F,Barranquilla,9737.43
62,38,41.0,2,17,1,F,Bogotá,11746.05
49,17,35.7,3,6,4,M,Medellín,7444.73
51,14,42.3,2,18,7,M,Cali,9063.23
62,31,37.6,2,9,0,M,Bogotá,8599.63
36,5,29.3,3,12,9,M,Medellín,8661.53
55,34,32.9,5,1,9,F,Medellín,10371.35
33,33,26.9,1,21,3,M,Barranquilla,7381.94
19,37,29.5,1,19,4,M,Barranquilla,9482.19
57,4,43.8,3,10,9,M,Bogotá,7673.92
34,17,38.0,4,4,2,M,Barranquilla,7779.36
51,15,41.8,5,5,1,F,Barranquilla,8503.85
59,7,54.5,3,2,2,M,Bogotá,6646.56
33,24,37.6,3,0,4,M,Cali,7832.45
55,31,45.1,3,2,6,F,Medellín,8579.25
19,25,40.2,3,2,1,F,Medellín,7617.81
19,21,62.1,3,21,6,M,Barranquilla,9936.85
43,30,15.9,4,3,5,F,Medellín,8425.24
30,9,34.3,3,6,6,M,Barranquilla,7817.52
64,11,45.2,3,14,6,M,Bogotá,8505.85
48,27,34.0,3,10,8,M,Bogotá,7986.19
51,5,44.5,3,17,6,M,Bogotá,7584.37
56,19,39.5,3,11,5,F,Medellín,9980.56
20,4,46.9,3,3,9,F,Barranquilla,6883.47
25,22,30.9,1,23,7,F,Barranquilla,9144.61
40,8,41.4,2,10,6,F,Medellín,7889.59
31,28,43.7,3,5,5,M,Bogotá,8506.95
44,15,41.1,4,18,3,F,Cali,8956.35
46,21,41.2,2,17,6,F,Barranquilla,8837.1
56,7,49.6,3,14,7,M,Barranquilla,7843.66
56,19,26.6,2,2,7,M,Medellín,6605.44
18,13,41.0,1,16,3,F,Cali,6764.77
34,38,30.3,5,0,9,M,Bogotá,10019.94
58,36,46.1,4,1,8,M,Barranquilla,10631.96
47,33,33.3,1,18,2,M,Medellín,8805.88
30,10,20.2,3,8,8,F,Cali,6561.81
38,39,46.3,2,7,2,F,Medellín,8700.99
36,32,37.9,5,11,6,F,Cali,10696.98
36,30,42.9,2,14,3,M,Medellín,8737.31
42,33,51.4,2,24,4,F,Cali,10766.79
39,6,43.0,3,22,2,M,Barranquilla,9712.55
48,22,41.4,4,6,1,F,Cali,7047.52
34,6,39.6,2,20,7,M,Bogotá,7458.24
40,24,30.8,3,15,6,M,Barranquilla,8020.49
49,2,38.3,1,6,6,F,Bogotá,5953.55
27,37,55.8,4,19,7,F,Barranquilla,10103.22
27,19,37.0,1,20,0,F,Cali,7329.34
53,33,38.8,4,11,7,F,Barranquilla,10722.05
25,29,50.1,3,16,9,M,Medellín,9957.41
69,16,27.7,2,10,4,F,Cali,8298.01
37,9,45.0,5,3,7,M,Medellín,8317.28
49,34,27.3,5,18,8,M,Medellín,13398.58
67,19,43.2,3,1,1,F,Medellín,7653.44
31,17,39.8,1,1,2,M,Medellín,5201.49
67,26,44.9,3,23,5,F,Bogotá,9363.45
45,35,31.9,3,16,8,F,Cali,11667.21
63,22,35.7,3,23,9,F,Medellín,12180.64
69,31,45.3,3,8,9,M,Bogotá,11703.41
41,9,35.9,1,21,7,F,Barranquilla,6373.3
32,10,46.0,3,0,5,F,Medellín,6454.07
39,37,41.7,3,9,4,M,Medellín,9967.33
47,5,36.4,1,22,2,F,Bogotá,8122.25
21,33,37.5,3,14,3,F,Barranquilla,9489.02
30,35,40.0,3,20,6,M,Barranquilla,10798.45
40,36,38.2,3,14,6,F,Bogotá,9518.32
25,16,45.8,1,24,2,M,Medellín,7778.34
35,39,37.0,3,22,3,M,Cali,11101.06
29,39,35.4,2,20,2,M,Bogotá,10302.27
48,11,47.3,3,1,1,M,Cali,4840.51
31,20,36.6,4,13,5,M,Medellín,9220.36
51,39,35.7,3,3,6,M,Medellín,8312.27
35,18,20.1,1,17,3,M,Barranquilla,7469.2
51,2,31.7,3,8,4,M,Medellín,5752.58
28,17,33.3,5,1,7,M,Barranquilla,6925.09
58,18,35.7,2,1,8,F,Barranquilla,9093.88
29,5,34.2,4,17,6,F,Medellín,7272.28
66,15,47.9,3,16,9,F,Barranquilla,9779.15
32,7,33.8,4,8,0,M,Medellín,6310.7
48,17,34.4,2,7,2,M,Barranquilla,5150.08
66,38,41.2,2,1,4,M,Barranquilla,9356.32
46,11,31.2,4,1,2,F,Medellín,5957.42
43,9,52.5,2,4,0,F,Cali,4746.36
35,6,46.4,1,11,1,F,Bogotá,6310.51
49,0,30.7,3,15,7,M,Medellín,6816.8
39,35,48.1,1,13,6,M,Barranquilla,9614.61
55,20,49.8,4,19,9,F,Bogotá,11320.84
34,36,30.9,3,1,2,F,Cali,7759.33
40,23,30.7,4,23,3,M,Medellín,10115.39
41,24,35.1,4,7,2,F,Barranquilla,8314.39
67,6,28.7,1,3,3,F,Barranquilla,3723.82
25,16,33.8,2,19,7,M,Medellín,7892.61
58,28,36.8,4,8,8,F,Barranquilla,9571.39
23,29,44.0,2,19,6,M,Bogotá,10421.01
22,6,40.6,5,24,8,M,Barranquilla,10245.9
61,32,38.8,3,18,8,M,Bogotá,11436.08
46,6,36.1,1,1,6,F,Bogotá,6976.01
45,23,29.5,4,15,6,M,Medellín,8287.92
28,10,44.7,1,10,7,M,Barranquilla,7902.09
18,8,44.6,1,7,9,M,Bogotá,6408.44
60,11,35.1,3,11,2,F,Barranquilla,7022.36
36,34,31.2,4,2,7,F,Bogotá,8800.58
26,3,52.4,3,12,0,F,Cali,5717.47
44,35,42.0,2,1,5,M,Medellín,9350.06
51,27,43.2,2,12,1,F,Medellín,8414.35
61,12,43.5,2,7,6,F,Medellín,8226.67
21,22,30.4,2,14,2,F,Bogotá,6727.27
53,18,52.0,2,23,9,F,Cali,10693.94
35,36,36.8,3,20,4,M,Bogotá,11234.44
32,38,46.6,4,8,9,M,Medellín,11699.93
68,23,51.7,2,10,1,M,Bogotá,7143.7
30,15,40.7,2,21,0,M,Medellín,8227.36
36,32,30.5,4,20,4,M,Barranquilla,10500.81
66,11,20.1,3,2,8,M,Bogotá,7963.8
23,33,39.7,4,6,8,F,Barranquilla,9208.1
65,6,42.0,2,13,6,F,Bogotá,9215.65
29,10,35.4,1,14,8,F,Medellín,7544.14
68,30,41.1,3,8,3,F,Barranquilla,8806.1
54,28,43.4,3,19,2,M,Bogotá,9529.86
34,12,48.0,3,10,3,M,Medellín,8017.53
40,30,38.2,3,6,6,F,Bogotá,9470.22
43,1,39.6,2,11,7,F,Barranquilla,7033.46
46,38,38.6,3,18,1,M,Bogotá,9819.55
50,14,40.3,3,17,4,F,Bogotá,9578.6
44,10,35.9,2,12,4,F,Barranquilla,6757.57
42,33,35.9,3,10,8,F,Medellín,9567.33
27,38,36.4,3,0,2,M,Bogotá,9681.87
64,3,41.3,2,5,5,M,Bogotá,6862.46
40,10,33.2,2,20,9,M,Cali,8932.22
38,28,36.4,2,1,4,F,Cali,6800.53
38,1,54.5,1,12,1,M,Medellín,5319.29
60,15,47.2,3,12,1,F,Barranquilla,9046.29
30,38,32.3,4,18,3,F,Medellín,11197.36
54,12,46.9,2,8,3,M,Medellín,6554.36
50,36,45.0,1,18,6,M,Medellín,9900.96
41,16,39.2,5,22,0,M,Bogotá,8480.65
61,20,34.3,2,0,5,M,Bogotá,7350.05
28,18,33.4,1,22,8,M,Medellín,5706.83
34,6,41.8,2,24,1,M,Medellín,6304.14
21,37,33.2,3,7,4,M,Cali,8696.84
64,7,48.8,2,22,9,F,Barranquilla,7732.34
42,12,51.0,3,13,9,M,Medellín,10962.35
47,36,39.7,2,23,3,F,Cali,9801.17
26,1,49.1,1,15,3,M,Medellín,6253.53
38,10,36.7,2,3,7,F,Barranquilla,7574.73
37,23,34.3,3,17,5,F,Medellín,9534.35
36,5,48.8,3,13,6,M,Barranquilla,7787.91
36,25,52.6,1,8,8,M,Bogotá,7794.78
29,6,55.7,2,14,2,M,Barranquilla,5566.04
54,38,42.7,3,2,1,F,Medellín,8090.01
59,18,46.9,4,3,2,M,Cali,7960.93
34,5,42.5,2,22,7,M,Bogotá,8406.74
54,28,51.2,3,17,8,F,Cali,10234.06
65,38,43.5,2,13,9,F,Medellín,12028.25
56,1,46.4,2,14,4,F,Bogotá,6011.55
45,18,30.9,1,7,7,F,Cali,7744.43
58,3,38.2,4,9,6,F,Medellín,8723.56
52,5,46.5,2,23,8,F,Cali,9447.92
64,36,45.8,4,11,3,F,Barranquilla,11918.11
65,27,47.2,3,20,9,F,Barranquilla,12017.46
35,29,41.0,4,8,2,M,Medellín,9773.01
31,6,34.8,2,7,8,M,Cali,4583.53
52,8,39.5,2,16,7,F,Medellín,9102.85
61,24,40.4,5,8,6,F,Cali,10679.54
58,32,41.9,3,12,0,F,Bogotá,9506.38
24,0,32.3,4,13,1,F,Medellín,6838.25
58,5,37.9,1,4,8,F,Medellín,6113.61
30,17,39.3,2,8,4,M,Cali,7566.6
35,9,22.1,3,24,0,F,Medellín,9231.61
54,27,46.7,1,15,8,F,Bogotá,8108.24
30,10,41.3,3,18,0,M,Cali,8281.45
53,32,42.1,2,23,7,F,Cali,11073.45
48,0,35.9,1,22,4,F,Cali,6650.84
19,12,44.7,2,6,5,M,Bogotá,5357.05
33,36,33.3,2,11,0,F,Bogotá,8328.36
26,19,34.6,1,1,1,F,Medellín,6275.04
26,0,45.0,3,17,6,F,Cali,7253.86
55,2,42.9,2,17,1,M,Bogotá,7451.85
28,17,29.8,2,15,4,F,Barranquilla,7598.61
39,13,52.6,4,10,8,F,Medellín,7789.22
50,30,33.9,3,1,4,M,Bogotá,7935.03
53,26,38.9,2,13,2,M,Bogotá,7916.75
62,16,54.0,3,3,5,F,Bogotá,7189.22
40,28,23.5,4,6,6,F,Medellín,8668.23
62,35,26.3,1,1,9,F,Bogotá,8409.82
62,36,43.5,2,20,9,F,Bogotá,12587.75
51,25,20.2,3,13,7,F,Barranquilla,9556.86
26,16,23.7,2,6,2,F,Barranquilla,4781.63
41,21,49.4,4,8,3,F,Barranquilla,9471.26
25,24,36.7,5,7,9,M,Bogotá,10043.59
24,1,57.6,4,8,3,M,Barranquilla,6828.73
53,21,31.7,2,6,1,F,Cali,7599.32
35,4,37.5,2,18,6,M,Barranquilla,7600.22
20,3,44.3,5,16,3,F,Barranquilla,7495.38
45,35,43.8,3,22,3,F,Bogotá,11099.26
23,5,38.0,2,12,7,F,Cali,7383.34
61,20,34.8,3,10,5,F,Barranquilla,9152.14
61,12,41.9,2,21,5,M,Bogotá,9782.32
38,36,51.0,2,17,8,F,Cali,10815.36
45,24,46.1,4,16,3,F,Barranquilla,8960.03
57,25,34.9,2,15,8,F,Bogotá,9345.16
18,38,32.1,1,9,0,F,Cali,8149.59
53,19,34.5,2,3,8,M,Barranquilla,7848.69
38,32,29.8,3,3,0,F,Cali,6415.0
60,13,41.2,1,21,6,M,Cali,7900.52
52,35,46.5,3,10,5,M,Bogotá,8926.34
30,16,39.4,3,20,6,F,Medellín,9880.08
66,20,53.8,4,24,8,F,Cali,12284.81
27,15,54.2,2,7,9,F,Cali,9303.79
61,15,42.5,4,8,3,M,Cali,8883.42
64,19,45.6,2,15,8,M,Cali,10213.03
27,28,32.8,3,9,2,F,Cali,9478.88
63,27,37.1,2,22,9,F,Medellín,10456.47
30,7,50.2,1,8,8,M,Bogotá,5422.82
54,23,35.4,3,2,0,F,Medellín,7403.31
55,2,51.9,2,24,4,M,Bogotá,8298.25
41,24,48.9,2,1,9,M,Medellín,8336.53
19,18,46.0,2,8,4,M,Bogotá,7844.81
39,32,30.6,3,12,0,M,Barranquilla,9043.25
34,1,37.5,2,5,0,F,Cali,5805.72
53,14,45.2,2,3,2,F,Bogotá,5656.54
31,21,32.1,1,13,8,M,Bogotá,8814.4
27,9,38.5,3,10,6,F,Cali,6754.5
52,17,46.0,2,1,5,M,Barranquilla,8305.15
42,21,35.5,2,2,8,F,Cali,7961.0
20,26,33.2,1,4,3,M,Bogotá,6563.5
64,12,25.6,2,24,3,F,Bogotá,8458.4
55,32,36.9,4,6,2,F,Cali,8683.4
34,4,46.2,3,10,4,M,Medellín,7187.23
29,25,33.0,4,11,4,F,Cali,10238.61
69,12,40.1,1,10,9,M,Bogotá,9552.41
41,26,38.2,5,18,6,F,Bogotá,11324.78
46,13,34.7,2,12,6,M,Bogotá,7513.46
60,23,46.7,5,3,5,F,Barranquilla,9858.83
42,2,53.1,2,13,3,F,Cali,7670.07
53,29,48.0,3,11,6,M,Barranquilla,10054.44
43,34,34.4,2,1,1,M,Cali,6821.18
55,13,55.9,2,7,8,F,Barranquilla,8736.8
18,11,48.0,4,21,6,F,Medellín,9078.25
37,27,36.3,3,18,1,M,Bogotá,8705.41
45,28,33.8,5,12,9,M,Bogotá,11067.09
33,16,49.0,3,20,1,M,Cali,8973.28
64,39,41.4,3,20,5,M,Bogotá,11562.97
34,20,33.2,1,0,6,F,Barranquilla,6118.23
57,22,38.8,5,4,8,F,Medellín,9961.77
45,19,36.7,3,21,3,F,Barranquilla,9010.05
29,10,33.4,3,10,7,F,Barranquilla,8865.64
44,33,48.1,2,10,9,F,Cali,11435.83
59,9,46.3,3,12,1,F,Bogotá,7287.25
64,9,46.7,4,1,5,M,Barranquilla,7002.41
47,5,46.6,2,18,3,F,Cali,7162.81
58,35,32.7,2,15,7,M,Barranquilla,10797.16
51,23,35.2,2,4,8,M,Barranquilla,8154.2
54,11,51.7,4,13,1,M,Barranquilla,7242.46
23,22,40.9,1,18,6,M,Cali,8183.85
24,26,28.2,1,4,6,F,Medellín,7108.65
49,36,41.7,2,20,7,M,Barranquilla,11818.21
49,5,45.2,3,23,4,M,Barranquilla,10268.53
42,0,44.2,2,8,2,F,Cali,5214.53
50,5,32.5,1,23,0,M,Bogotá,6398.76
24,21,55.1,5,11,3,M,Medellín,8826.07
69,23,28.0,5,15,2,F,Cali,9428.56
29,24,40.9,2,18,1,M,Bogotá,7558.3
33,14,53.9,3,14,5,F,Cali,7878.07
33,25,44.7,3,16,6,F,Cali,9877.02
60,7,46.7,2,14,9,F,Medellín,8074.22
53,23,31.6,2,2,6,F,Medellín,8238.76
30,37,42.8,3,16,7,F,Medellín,11591.3
24,5,39.7,2,12,1,M,Medellín,4834.83
53,34,31.0,2,8,9,F,Bogotá,8726.03
64,0,46.9,4,12,5,F,Barranquilla,7814.73
68,35,33.4,3,15,5,F,Cali,10479.94
26,11,34.4,3,18,9,F,Medellín,10018.85
49,37,43.5,2,13,0,F,Barranquilla,8857.23
28,10,38.9,3,7,1,M,Bogotá,6459.27
25,11,41.4,2,21,8,M,Medellín,9080.29
50,38,38.4,3,18,7,F,Cali,10721.53
40,6,51.3,4,24,3,M,Barranquilla,9028.94
42,10,32.6,4,23,5,F,Medellín,9588.76
25,35,36.3,2,2,1,F,Cali,7211.57
62,30,43.8,3,22,4,F,Barranquilla,9899.6
39,32,32.1,4,20,1,M,Cali,9640.83
21,12,31.7,3,17,4,F,Bogotá,7809.71
57,17,41.1,1,15,6,F,Medellín,8049.8
20,23,46.9,3,13,6,M,Medellín,7681.76
46,8,48.0,1,15,8,F,Cali,7332.02
58,30,40.7,4,23,2,M,Barranquilla,10006.53
46,9,34.6,3,16,3,M,Medellín,9013.76
51,1,42.2,2,19,8,F,Cali,8112.29
51,37,44.5,1,10,7,M,Bogotá,9450.09
45,14,42.1,2,12,6,F,Medellín,7233.37
30,2,49.9,4,10,7,M,Cali,7943.07
32,30,31.9,1,3,8,M,Barranquilla,8194.55
40,5,34.4,3,13,3,M,Medellín,6343.03
61,2,48.8,4,4,4,F,Medellín,6482.01
43,10,28.2,2,3,8,M,Bogotá,6361.52
21,14,35.7,2,0,6,F,Cali,4760.43
43,27,34.1,3,13,3,F,Barranquilla,9210.68
57,9,27.5,3,6,5,F,Bogotá,7884.7
26,37,38.5,2,9,0,M,Bogotá,6621.44
22,6,46.0,1,1,0,M,Bogotá,4544.79
49,14,41.3,3,9,8,F,Cali,9349.88
37,17,46.4,4,2,7,F,Cali,5848.33
67,17,49.5,1,20,0,F,Medellín,7294.52
28,23,36.9,2,7,1,F,Cali,6148.25
32,1,61.2,2,9,3,F,Bogotá,6432.71
49,39,37.2,4,7,0,F,Cali,9593.39
45,19,38.3,2,13,1,M,Barranquilla,6739.56
39,33,34.3,4,17,4,F,Medellín,11769.17
58,25,44.4,1,8,7,F,Bogotá,7915.94
34,6,37.7,4,21,5,F,Medellín,8247.3
43,37,39.4,3,8,5,F,Cali,8657.31
61,29,38.4,3,3,3,M,Medellín,8238.14
24,4,38.2,2,2,1,M,Medellín,5156.33
59,10,41.3,4,13,2,F,Cali,7633.46
43,0,36.4,2,13,5,F,Medellín,6847.74
42,33,36.8,1,20,5,F,Cali,9804.69
27,0,48.6,2,15,4,M,Bogotá,6478.83
62,18,37.7,4,4,5,M,Medellín,8793.19
36,1,43.1,4,19,5,M,Barranquilla,9131.37
28,20,32.9,3,22,0,F,Barranquilla,8651.89
30,19,36.4,3,23,5,M,Bogotá,10413.42
25,22,30.1,1,14,4,F,Cali,6436.45
57,20,54.8,4,20,7,F,Cali,10793.23
21,23,51.0,4,8,8,F,Medellín,8310.93
64,3,44.8,3,6,5,F,Medellín,7670.32
48,11,57.2,3,12,9,F,Barranquilla,10155.47
45,21,46.2,5,22,3,M,Barranquilla,10490.27
28,19,38.6,4,7,2,M,Cali,7764.23
60,17,43.0,3,11,9,M,Barranquilla,8429.37
18,0,50.9,2,3,0,F,Cali,4090.74
66,29,33.0,3,15,6,M,Bogotá,9126.47
64,32,30.6,3,5,4,F,Bogotá,9067.51
69,23,43.2,2,4,3,F,Barranquilla,6254.3
55,13,35.3,2,0,8,F,Medellín,8400.08
41,35,21.9,2,13,6,M,Barranquilla,9372.98
64,4,30.1,3,8,9,M,Barranquilla,8059.63
48,10,37.5,2,17,7,M,Barranquilla,10029.17
58,23,40.4,2,5,3,M,Medellín,7648.85
63,30,40.6,4,14,9,F,Barranquilla,10276.4
67,12,56.0,3,15,9,F,Medellín,9730.35
43,15,38.3,1,7,7,F,Barranquilla,8645.64
66,23,42.2,2,18,3,F,Medellín,8666.8
67,12,27.0,4,4,0,F,Medellín,6667.56
22,23,39.8,4,13,7,M,Medellín,10684.37
37,25,42.7,2,6,0,M,Medellín,6168.69
69,1,29.0,4,3,2,F,Medellín,6423.66
58,15,32.5,1,20,6,F,Bogotá,9817.86
28,37,43.9,5,0,2,F,Cali,8259.49
50,0,35.6,2,3,7,F,Cali,5405.16
67,10,39.2,1,13,4,F,Medellín,5948.59
55,34,44.3,2,22,2,M,Cali,9417.16
44,28,56.3,2,15,4,F,Medellín,8577.77
51,36,38.2,3,6,4,M,Barranquilla,8957.5
32,16,54.2,4,9,7,M,Bogotá,9158.83
49,38,24.3,4,9,8,F,Barranquilla,10773.8
38,27,41.2,2,3,5,F,Barranquilla,6602.76
63,28,37.3,2,11,9,M,Medellín,11082.87
22,2,35.7,1,5,2,M,Barranquilla,3363.88
23,9,45.3,1,12,1,M,Bogotá,7057.42
55,13,38.3,3,20,2,F,Barranquilla,8910.52
39,11,23.8,1,0,8,M,Bogotá,6648.29
35,29,27.3,3,7,6,F,Bogotá,9068.4
31,31,45.8,3,22,8,M,Medellín,12386.6
27,31,26.9,2,15,5,F,Bogotá,8823.81
63,31,46.0,3,4,7,F,Barranquilla,9411.74
30,25,41.0,2,6,9,M,Medellín,8628.77
48,0,38.6,2,2,8,F,Bogotá,5898.77
47,1,39.3,4,23,2,F,Bogotá,8867.36
20,16,44.1,3,20,6,M,Cali,10281.34
47,29,30.6,1,1,8,F,Medellín,6321.6
23,38,40.3,3,1,1,M,Cali,7478.68
46,6,30.9,2,19,6,M,Bogotá,9833.98
25,26,41.3,3,22,4,M,Cali,9452.26
61,8,45.2,3,9,7,F,Barranquilla,9133.98
62,21,41.3,3,19,3,F,Barranquilla,10426.0
60,33,44.9,4,8,0,M,Bogotá,8123.23
61,0,34.4,3,17,9,F,Cali,9118.45
50,8,39.5,1,5,7,M,Cali,6658.24
34,19,38.1,2,19,5,M,Medellín,11267.4
65,18,37.6,4,5,7,M,Barranquilla,7028.2
28,35,33.6,1,24,2,F,Barranquilla,7987.56
30,39,36.5,3,9,7,F,Medellín,9714.53
67,3,31.1,3,24,7,F,Barranquilla,9375.4
28,8,26.4,3,8,0,M,Cali,4989.2
48,21,34.4,4,8,3,M,Cali,7800.22
45,17,45.0,3,2,6,F,Barranquilla,8147.42
61,11,41.9,3,11,0,F,Medellín,6681.33
23,38,29.9,4,10,2,M,Bogotá,8730.63
58,8,36.8,3,13,2,M,Bogotá,8399.61
33,5,45.5,2,24,5,M,Bogotá,8962.0
21,18,36.4,3,18,4,M,Bogotá,8088.94
52,6,28.7,3,9,6,F,Cali,6318.0
65,15,58.1,4,18,2,F,Bogotá,10459.92
43,4,38.7,2,4,0,M,Cali,4203.62
29,15,30.7,2,21,2,M,Cali,8838.98
28,0,41.4,4,8,7,F,Bogotá,7516.51
54,36,39.3,3,0,4,M,Bogotá,8464.88
42,38,27.7,2,14,2,M,Bogotá,9436.29
35,18,40.7,3,23,7,F,Barranquilla,8523.88
36,36,47.9,5,3,5,F,Barranquilla,11042.68
40,16,38.1,4,6,2,F,Medellín,7304.15
55,25,23.5,3,5,4,M,Cali,8261.07
35,21,42.7,2,14,0,M,Bogotá,6914.34
43,7,44.8,4,5,5,F,Barranquilla,7270.39
23,32,35.3,3,6,8,F,Medellín,10262.9
21,1,35.4,4,19,6,M,Cali,7899.98
61,29,58.1,2,21,7,M,Cali,10802.39
68,19,34.7,1,2,5,M,Cali,7527.05
46,17,31.0,3,20,4,F,Barranquilla,9423.33
51,9,40.2,2,12,5,F,Bogotá,8781.01
34,23,44.6,3,1,6,M,Bogotá,6066.05
60,3,44.3,5,2,8,F,Cali,7876.1
60,36,20.3,3,12,7,F,Cali,9384.64
33,3,34.7,4,8,4,F,Medellín,7830.6
19,12,49.2,3,21,6,M,Medellín,7859.22
51,24,42.6,4,18,7,M,Cali,11157.82
25,12,30.1,4,17,0,F,Medellín,6530.99
30,17,49.9,3,4,7,M,Barranquilla,7339.01
59,23,47.7,3,9,6,F,Cali,8514.26
25,1,37.6,3,13,1,F,Medellín,6023.5
47,32,47.0,3,20,1,M,Cali,11662.44
49,18,56.0,2,16,5,F,Bogotá,7784.63
53,8,31.6,4,2,2,F,Barranquilla,5668.9
64,27,44.4,5,6,0,F,Cali,9623.58
47,34,55.9,3,8,7,F,Bogotá,9971.23
18,38,45.2,3,4,6,F,Cali,7829.9
60,9,34.0,3,3,3,F,Bogotá,6313.17
56,0,41.9,3,2,0,M,Medellín,4057.59
34,20,51.0,3,12,1,F,Bogotá,7462.87
37,8,31.9,4,8,8,M,Barranquilla,7326.04
41,14,39.8,2,22,3,M,Barranquilla,8730.74
67,34,38.1,1,6,2,M,Medellín,8601.01
39,4,34.9,4,7,7,M,Cali,5435.38
46,21,41.9,3,9,3,M,Barranquilla,8224.15
39,22,39.2,4,0,6,F,Medellín,6180.45
61,6,45.1,1,19,4,F,Barranquilla,7766.55
26,22,49.1,1,20,4,M,Medellín,9619.72
54,24,29.8,4,20,5,F,Barranquilla,10338.31
27,26,40.5,1,0,3,M,Medellín,6167.23
53,5,39.6,4,18,1,F,Barranquilla,8768.91
54,33,41.6,4,1,5,M,Cali,9852.76
45,8,39.9,3,11,4,M,Bogotá,8151.05
45,32,32.2,1,22,2,M,Barranquilla,9556.13
59,5,51.6,3,12,3,F,Medellín,7086.03
60,36,55.0,4,13,2,F,Cali,11180.54
38,30,44.4,2,4,2,M,Barranquilla,8587.94
41,33,44.8,2,2,3,M,Medellín,8064.96
59,28,41.0,2,23,1,F,Bogotá,9942.12
57,13,47.8,1,16,3,F,Medellín,6362.11
19,35,20.5,4,0,9,M,Barranquilla,8032.02
25,35,40.0,4,13,1,M,Medellín,8709.99
65,14,35.4,5,5,9,M,Medellín,8797.05
44,7,41.2,3,16,7,F,Bogotá,8466.52
39,25,48.7,4,3,9,M,Barranquilla,8622.64
54,35,40.2,2,5,4,F,Barranquilla,9346.01
44,20,37.1,3,0,6,F,Bogotá,7137.51
46,27,28.8,3,8,3,M,Cali,7409.46
20,3,39.1,4,3,9,F,Medellín,6248.32
61,15,45.4,4,8,5,M,Medellín,8920.74
30,21,33.3,4,8,9,M,Medellín,8963.78
62,11,24.0,4,21,3,F,Barranquilla,9443.42
27,15,58.2,4,12,5,M,Barranquilla,8490.75
53,39,42.7,1,22,0,F,Medellín,11099.89
26,37,38.2,4,16,5,F,Barranquilla,11288.28
44,36,51.1,3,20,5,M,Bogotá,10458.44
51,28,41.1,2,2,1,F,Bogotá,5514.93
68,17,50.7,1,5,9,F,Barranquilla,7932.52
18,9,50.0,3,19,9,M,Medellín,8090.33
49,38,29.8,2,14,8,F,Medellín,9109.21
42,17,43.7,3,13,5,M,Medellín,9136.25
46,0,53.8,3,12,6,M,Medellín,7588.71
24,38,32.0,4,8,1,F,Barranquilla,9678.03
66,20,32.1,4,22,1,F,Cali,10012.36
20,0,33.5,3,14,1,M,Cali,5707.64
37,14,47.1,2,13,9,F,Medellín,7591.85
37,3,42.3,2,3,8,M,Medellín,5758.7
47,19,24.5,2,10,2,F,Medellín,5727.02
52,9,42.7,1,21,3,M,Cali,8611.65
52,22,38.0,5,1,0,M,Bogotá,6696.53
66,33,39.1,3,15,0,F,Cali,9853.08
56,32,33.3,1,18,3,F,Barranquilla,9022.15
44,33,42.8,2,15,1,F,Cali,9192.93
43,38,48.4,3,6,7,M,Barranquilla,9988.57
31,9,34.9,3,10,3,M,Medellín,5760.29
34,19,26.5,1,11,2,F,Barranquilla,6221.35
35,0,37.6,5,3,2,F,Medellín,7212.42
62,12,46.1,2,15,5,M,Bogotá,7842.98
69,0,36.6,1,15,5,F,Medellín,7999.98
46,4,28.0,1,6,5,F,Medellín,6139.3
37,15,46.1,3,24,5,M,Bogotá,9807.94
44,14,51.3,1,12,7,F,Medellín,7238.08
35,27,40.2,1,4,7,M,Medellín,7735.98
21,30,27.2,2,0,8,M,Medellín,7024.76
18,22,37.5,3,4,0,F,Cali,7136.19
67,16,41.2,1,21,9,F,Barranquilla,8863.09
18,33,33.5,2,13,7,F,Medellín,9298.9
43,12,44.7,2,10,4,M,Cali,7228.51
62,13,32.7,2,1,2,M,Medellín,6363.32
37,10,40.2,3,23,9,M,Barranquilla,10462.22
69,27,38.2,1,17,2,F,Medellín,8187.39
40,31,44.9,1,14,5,M,Barranquilla,8122.2
27,34,39.9,3,13,7,M,Cali,10125.79
28,30,38.4,2,24,9,M,Cali,11627.71
58,16,33.6,1,12,1,F,Medellín,6674.64
58,8,40.3,2,1,8,M,Bogotá,8064.81
22,9,37.9,4,18,4,F,Barranquilla,8058.54
18,7,33.0,3,7,4,F,Medellín,5575.73
34,20,41.3,4,21,0,M,Cali,9452.9
39,12,42.9,4,16,5,M,Medellín,8561.58
51,4,37.3,5,14,4,M,Barranquilla,8207.54
62,5,47.5,4,19,6,F,Medellín,9850.5
58,29,42.1,3,20,6,F,Barranquilla,11747.0
46,30,29.7,2,13,3,F,Cali,8897.37
21,16,50.7,2,2,4,F,Bogotá,6192.14
22,10,46.1,3,16,9,M,Bogotá,10300.37
28,19,48.0,5,2,7,M,Cali,9137.16
68,8,43.2,3,12,1,F,Cali,7357.21
38,1,21.3,3,24,0,F,Medellín,8111.66
52,36,48.7,3,17,5,F,Cali,10758.89
29,0,40.5,2,0,3,F,Cali,4915.34
43,3,42.8,2,6,9,F,Barranquilla,7409.11
68,35,44.3,3,22,2,F,Medellín,11206.64
36,24,55.5,2,4,6,F,Barranquilla,7253.17
62,2,35.6,3,1,7,F,Medellín,6741.96
24,8,35.8,4,16,3,M,Medellín,7417.73
64,21,33.2,4,20,9,M,Bogotá,11688.65
24,22,31.4,2,9,5,F,Bogotá,7748.99
43,11,31.6,4,3,1,M,Cali,4912.52
57,9,25.2,2,8,7,M,Medellín,7653.13
22,33,43.4,2,20,5,M,Cali,12081.22
38,9,55.9,3,10,8,F,Barranquilla,8055.1
31,29,56.4,2,11,5,F,Cali,9552.14
21,21,33.2,1,11,5,F,Barranquilla,7616.58
40,5,37.8,2,17,1,M,Bogotá,5393.17
59,1,49.9,3,3,4,F,Bogotá,6861.66
37,29,43.5,2,8,8,M,Barranquilla,8285.0
32,1,41.1,3,7,0,F,Barranquilla,5178.49
67,31,37.9,3,18,3,F,Barranquilla,9316.06
69,15,49.4,3,23,9,M,Cali,11579.82
62,11,31.4,4,12,9,F,Barranquilla,9368.17
46,0,43.8,2,1,2,M,Medellín,5903.23
25,7,42.8,2,18,0,F,Barranquilla,5399.33
58,12,40.3,2,13,0,F,Bogotá,7801.46
65,14,46.3,2,4,0,F,Barranquilla,6756.58
36,7,40.3,3,9,0,M,Bogotá,5457.83
65,9,35.7,1,23,1,F,Bogotá,6604.02
56,4,40.7,2,16,4,M,Cali,7318.57
63,18,27.3,4,19,1,M,Barranquilla,9593.82
45,37,44.9,3,15,3,M,Bogotá,9306.04
63,10,46.9,3,16,8,F,Medellín,8839.29
44,19,34.7,4,0,2,F,Barranquilla,7832.86
21,19,32.8,4,20,1,F,Barranquilla,8011.81
32,20,35.0,3,21,3,F,Bogotá,9508.93
52,17,39.5,2,14,8,F,Cali,10007.59
54,9,41.7,5,16,3,M,Cali,8572.09
18,33,52.9,3,10,4,M,Barranquilla,7883.88
20,25,51.9,2,21,3,M,Barranquilla,9596.1
64,29,46.7,2,4,7,M,Cali,8761.44
41,8,41.0,3,3,3,M,Cali,5888.96
44,30,32.6,4,20,1,M,Medellín,11231.91
57,3,53.4,2,23,3,F,Barranquilla,8111.72
53,5,38.0,1,8,1,M,Barranquilla,5677.12
51,13,42.3,4,15,8,M,Barranquilla,8560.31
46,3,45.0,4,11,7,M,Cali,8223.92
41,25,40.5,2,17,8,M,Bogotá,9067.48
41,38,49.2,2,21,3,F,Medellín,10017.43
59,16,43.6,3,2,0,M,Cali,6196.31
21,18,47.9,2,14,2,F,Cali,8304.61
20,5,43.6,4,17,6,F,Medellín,7763.49
51,28,39.7,1,11,0,M,Barranquilla,7002.69
66,10,40.6,1,12,7,M,Bogotá,9126.62
40,15,39.5,2,0,8,F,Medellín,6607.04
69,29,29.7,2,3,7,M,Bogotá,8254.14
40,24,32.0,1,7,4,M,Barranquilla,7920.04
62,39,45.9,1,18,8,M,Bogotá,11131.26
22,10,29.9,4,20,3,F,Barranquilla,8368.7
48,6,36.8,2,20,8,M,Cali,8971.11
58,25,31.6,4,4,0,F,Barranquilla,8975.69
23,21,36.3,2,10,2,F,Medellín,6072.34
54,24,38.8,3,24,3,F,Medellín,11247.54
27,18,36.8,2,23,9,M,Barranquilla,8532.03
57,30,28.6,2,23,0,F,Barranquilla,8861.7
24,25,38.5,3,16,5,M,Cali,8380.2
56,35,32.3,3,16,3,F,Cali,10091.66
55,22,34.9,4,1,3,M,Barranquilla,7278.32
38,12,45.9,4,23,0,M,Bogotá,9875.3
37,24,47.6,3,0,4,F,Cali,7775.07
20,1,29.5,2,3,8,F,Medellín,5470.8
68,1,52.5,4,8,5,F,Cali,7324.96
39,15,35.9,3,1,7,M,Cali,8354.59
64,8,35.2,5,2,3,M,Cali,7686.69
21,27,32.9,4,5,8,M,Cali,8677.87
45,12,40.4,1,12,6,F,Barranquilla,7222.15
29,34,55.9,2,14,6,M,Cali,9485.99
55,12,27.7,3,10,7,M,Bogotá,9027.39
68,30,23.5,3,9,1,M,Cali,9636.78
53,20,42.1,3,2,5,F,Cali,7055.74
64,31,44.6,4,19,6,F,Medellín,11207.17
58,33,40.4,2,8,2,M,Cali,8074.07
22,7,44.8,2,24,7,F,Medellín,8817.89
30,1,30.9,1,9,0,F,Medellín,5171.95
40,37,32.4,3,20,0,F,Barranquilla,8747.57
67,31,41.0,3,22,9,F,Medellín,11372.9
47,39,54.1,2,24,2,F,Medellín,10611.62
54,27,44.5,3,23,5,F,Bogotá,11364.51
42,36,44.9,1,22,6,F,Bogotá,9690.72
65,0,31.4,1,11,1,F,Medellín,5307.15
44,9,43.4,3,7,5,F,Barranquilla,6733.82
68,3,30.5,2,20,4,M,Bogotá,8703.51
31,34,54.1,3,20,5,M,Bogotá,10618.87
65,9,31.9,4,20,0,F,Barranquilla,8140.54
64,10,33.6,4,16,9,F,Cali,9182.93
53,13,28.2,2,21,6,F,Bogotá,8691.16
56,37,40.7,3,4,7,F,Medellín,9639.34
33,11,40.4,3,23,6,M,Medellín,9948.85
39,16,52.1,4,7,8,F,Medellín,9791.04
38,15,46.2,4,17,0,M,Barranquilla,7436.54
38,34,33.7,2,10,9,M,Medellín,10463.16
25,1,47.0,2,21,8,M,Cali,8600.07
66,10,30.1,3,9,2,M,Barranquilla,6956.67
33,2,34.3,3,14,1,M,Bogotá,6985.85
48,28,40.9,2,5,5,M,Barranquilla,7519.79
59,17,30.9,1,18,4,F,Medellín,8583.02
27,19,48.5,3,16,3,F,Barranquilla,10382.68
49,13,58.2,2,22,3,M,Barranquilla,9062.44
51,33,37.6,2,9,7,F,Barranquilla,9185.57
26,30,34.8,1,4,9,M,Barranquilla,6800.96
34,39,39.0,2,15,2,F,Cali,9320.69
28,17,35.5,3,11,0,M,Barranquilla,7710.82
49,29,42.1,2,20,4,M,Medellín,9309.01
27,24,29.4,1,23,7,F,Bogotá,9628.76
39,18,42.5,1,4,2,M,Cali,5721.85
34,7,55.3,2,20,1,F,Barranquilla,7020.73
21,27,24.0,3,0,0,M,Bogotá,6436.43
65,7,30.7,1,1,3,F,Cali,3850.95
69,30,36.4,3,4,1,F,Medellín,8197.92
64,2,44.3,1,22,7,F,Medellín,9254.15
42,2,47.1,2,18,9,F,Bogotá,8228.66
38,21,46.5,2,14,8,F,Barranquilla,9113.11
54,16,26.5,1,0,9,M,Bogotá,6721.32
55,35,34.6,3,10,0,M,Cali,10424.09
66,16,32.8,3,17,1,F,Bogotá,8969.88
18,13,39.5,4,2,5,M,Bogotá,5801.65
42,8,40.1,1,8,9,M,Barranquilla,6358.74
68,29,29.0,1,23,6,F,Medellín,10490.16
53,20,36.5,2,3,1,F,Barranquilla,7538.79
34,11,44.6,4,23,7,M,Medellín,10587.89
58,36,35.0,2,12,9,F,Barranquilla,11388.9
41,31,38.4,2,8,8,F,Medellín,8237.19
19,10,53.6,2,2,7,F,Barranquilla,6723.62
57,19,55.9,1,15,8,M,Medellín,8593.27
32,34,22.7,4,21,5,F,Medellín,10784.49
49,10,40.9,3,7,6,M,Medellín,8358.57
56,7,63.3,4,6,5,F,Medellín,7674.6
23,3,43.8,3,24,6,M,Barranquilla,7399.77
18,26,40.1,3,22,2,F,Cali,8877.03
64,39,50.5,1,16,3,F,Medellín,10094.35
40,37,41.7,3,24,8,F,Medellín,12611.83
56,29,45.7,2,15,2,M,Medellín,8394.23
34,26,38.3,2,20,1,M,Medellín,8161.22
51,20,41.6,3,21,6,M,Medellín,10391.18
58,19,43.4,4,17,5,M,Bogotá,10597.66
46,3,46.9,3,15,2,F,Bogotá,7455.82
26,10,36.5,3,14,5,F,Medellín,7560.27
30,12,36.3,1,1,6,M,Medellín,4982.88
23,8,24.6,2,19,5,M,Medellín,8073.71
23,3,36.9,1,3,0,M,Cali,4699.33
37,11,47.6,3,4,0,M,Barranquilla,5531.44
69,8,43.7,5,6,8,M,Medellín,8960.98
20,12,32.0,2,14,5,M,Cali,7666.93
34,25,24.8,1,16,1,F,Cali,7475.83
66,37,38.9,3,9,0,M,Medellín,9739.02
29,12,47.4,4,19,1,M,Barranquilla,8592.81
65,38,36.2,3,8,7,M,Bogotá,10871.77
64,27,28.4,1,15,4,F,Medellín,8460.23
62,18,35.3,5,23,6,M,Medellín,9881.11
18,23,42.6,4,2,6,F,Bogotá,8023.66
34,18,49.9,1,21,1,F,Barranquilla,8310.44
20,12,37.9,4,8,3,M,Bogotá,7317.16
43,12,48.4,3,7,1,F,Medellín,6204.19
32,27,47.6,2,22,6,M,Medellín,9550.96
53,1,30.6,3,6,4,F,Cali,8349.67
49,9,50.0,4,16,0,M,Bogotá,8396.42
49,21,42.4,3,4,1,M,Cali,5342.81
21,12,30.3,1,6,5,F,Cali,5200.11
35,8,54.1,5,12,3,M,Cali,8192.87
66,32,39.0,1,17,6,M,Cali,9044.3
36,13,24.5,3,21,1,F,Bogotá,7923.62
60,19,34.3,3,13,1,F,Bogotá,7900.16
69,14,32.4,2,17,5,M,Bogotá,9027.68
52,31,34.5,2,2,7,F,Medellín,8209.66
57,32,36.4,4,16,0,M,Barranquilla,9390.97
31,16,37.9,2,18,4,F,Cali,7812.44
50,23,37.6,3,6,0,F,Medellín,8051.65
31,29,39.2,3,20,5,F,Bogotá,10134.26
51,12,44.7,3,3,6,M,Bogotá,7293.35
21,15,34.0,3,14,5,M,Medellín,8196.0
41,1,49.4,2,23,8,M,Cali,8704.73
46,16,30.2,2,7,2,M,Bogotá,5737.75
36,31,44.9,4,15,7,M,Cali,11302.73
23,7,53.1,3,0,2,F,Cali,4832.02
50,2,38.6,2,24,6,M,Barranquilla,8294.96
66,11,41.5,4,15,4,F,Bogotá,8041.63
57,19,32.3,4,24,0,F,Medellín,10467.06
36,15,35.9,1,1,3,F,Barranquilla,5458.23
18,13,52.5,5,1,8,M,Cali,8225.38
22,15,46.0,3,7,7,F,Medellín,8331.04
44,32,43.3,2,11,2,M,Barranquilla,9187.41
33,29,24.5,2,10,1,M,Barranquilla,6849.06
23,11,34.3,3,5,8,M,Barranquilla,7179.2
57,14,53.9,4,18,0,M,Cali,8944.82
30,17,43.3,2,17,8,F,Cali,8755.02
65,27,44.3,2,4,6,M,Bogotá,7985.89
52,22,41.4,2,14,1,F,Barranquilla,9201.02
36,13,35.1,3,7,4,F,Medellín,7917.83
29,29,42.7,2,5,1,M,Cali,7340.24
33,32,27.8,1,11,4,F,Barranquilla,9007.44
60,14,27.2,3,18,6,F,Medellín,9767.55
27,6,34.1,4,11,4,F,Cali,7044.02
42,14,41.5,3,11,1,M,Medellín,6975.32
37,37,27.4,2,8,4,F,Medellín,8864.58
48,10,41.0,2,23,9,M,Bogotá,8572.5
21,28,32.0,2,9,5,M,Cali,8518.35
61,30,33.1,5,21,4,M,Cali,10438.72
40,24,50.4,4,16,1,M,Cali,10177.9
19,23,40.3,2,17,5,F,Cali,8856.86
39,18,32.8,2,15,5,F,Bogotá,9767.59
68,1,41.5,3,3,1,F,Bogotá,6106.56
54,21,28.2,3,17,3,M,Barranquilla,9617.77
25,19,43.1,3,2,6,F,Cali,7789.09
24,32,48.9,4,15,0,M,Medellín,8485.04
31,7,45.3,4,13,0,F,Bogotá,6220.6
20,24,57.3,3,23,5,M,Medellín,9292.48
67,8,24.5,4,8,6,M,Medellín,8316.32
33,33,41.0,4,5,4,M,Medellín,8974.19
36,22,29.3,4,3,9,M,Barranquilla,8786.74
68,4,38.6,5,1,7,F,Barranquilla,8514.32
35,24,40.0,2,22,3,M,Cali,8540.74
69,7,58.2,2,9,2,F,Bogotá,7809.19
33,15,39.5,4,10,6,F,Cali,8861.92
25,14,39.4,4,6,3,F,Barranquilla,8420.55
50,0,48.0,4,24,0,M,Barranquilla,8694.74
66,21,39.6,1,4,7,M,Medellín,7748.44
29,2,54.6,3,3,4,M,Cali,7581.99
28,37,45.4,1,5,7,F,Medellín,8273.83
22,13,46.6,3,1,7,M,Barranquilla,7040.6
44,35,25.1,2,1,4,M,Cali,8044.13
29,17,55.9,1,15,7,F,Cali,8868.34
34,17,34.7,1,24,6,M,Bogotá,8878.91
23,2,39.9,3,22,2,F,Barranquilla,9587.13
50,9,34.8,2,22,3,F,Barranquilla,7773.36
22,38,31.8,1,12,6,F,Bogotá,9898.66
45,0,30.4,2,20,3,M,Barranquilla,5911.11
31,26,40.8,2,6,5,M,Medellín,6899.36
22,26,24.2,4,24,1,F,Medellín,8328.01
50,10,38.1,2,4,1,F,Medellín,5061.32
67,4,48.5,2,24,2,M,Cali,7193.69
65,6,45.1,4,16,9,M,Medellín,10088.05
58,18,43.5,3,12,6,F,Barranquilla,8468.19
36,28,32.8,3,14,2,F,Bogotá,9923.83
39,14,27.3,3,2,2,F,Medellín,6546.64
22,34,48.3,4,22,3,M,Medellín,10787.81
19,36,36.4,2,3,9,F,Cali,8773.6
47,11,39.3,5,14,5,M,Barranquilla,9841.33
64,29,38.4,4,17,0,F,Bogotá,10990.17
56,19,45.4,3,2,5,M,Barranquilla,7443.21
21,36,54.7,3,6,7,F,Medellín,8800.22
50,2,51.7,3,7,7,M,Barranquilla,7757.32
30,8,21.3,1,10,5,M,Bogotá,7164.66
37,38,37.5,2,24,5,M,Medellín,9817.96
24,25,29.2,5,21,2,M,Barranquilla,10277.36
32,1,47.5,3,8,1,M,Bogotá,6785.28
40,22,40.0,2,19,6,M,Medellín,9832.51
31,22,44.8,4,11,7,F,Medellín,9692.62
40,20,36.8,3,4,9,F,Barranquilla,8864.29
36,15,31.7,1,0,5,F,Cali,7018.2
46,8,33.1,3,13,4,M,Cali,8282.47
37,12,27.7,3,24,3,M,Bogotá,7539.61
46,27,29.9,2,24,0,F,Barranquilla,9070.85
41,26,28.2,5,24,8,M,Bogotá,12078.05
35,16,31.7,2,2,9,M,Barranquilla,7991.19
27,37,31.3,3,14,3,F,Bogotá,9451.12
58,35,43.2,1,9,1,F,Bogotá,8190.82
25,0,42.8,3,9,3,F,Barranquilla,5981.15
43,17,43.1,2,23,4,F,Cali,9333.39
46,8,49.4,2,2,1,F,Bogotá,5396.28
27,12,39.4,4,5,6,F,Barranquilla,7190.69
34,39,33.8,1,4,2,F,Barranquilla,7238.83
19,14,57.7,4,23,7,M,Barranquilla,10364.6
23,3,47.2,3,18,3,M,Medellín,7779.53
22,32,41.2,5,13,4,M,Barranquilla,12277.16
45,23,40.7,3,16,2,M,Barranquilla,7832.13
58,35,42.3,1,11,4,F,Medellín,9474.24
22,9,38.4,1,8,8,M,Medellín,7586.62
35,35,41.0,4,24,1,M,Cali,10251.21
43,19,44.0,4,2,6,M,Barranquilla,8742.74
37,10,34.2,2,17,9,M,Bogotá,8286.09
58,11,26.9,3,3,7,F,Medellín,7080.37
66,17,23.4,3,13,2,M,Medellín,7734.49
44,29,47.1,5,23,3,F,Cali,11413.94
66,36,27.3,4,5,9,F,Cali,10736.94
29,19,43.7,5,14,1,M,Cali,9383.14
24,24,30.8,4,16,9,F,Barranquilla,9046.68
20,11,30.9,4,23,8,M,Barranquilla,10383.51
27,20,34.3,2,4,2,F,Barranquilla,6831.73
51,24,41.6,4,5,8,F,Medellín,9766.16
42,10,29.7,3,20,6,F,Cali,10725.75
52,8,35.1,5,4,5,M,Medellín,8933.24
33,24,39.8,3,18,2,M,Bogotá,8501.29
19,34,30.3,1,13,6,M,Barranquilla,7457.9
41,31,51.4,3,3,2,M,Medellín,7485.74
27,13,26.2,3,4,5,F,Bogotá,6123.19
55,0,38.3,2,10,7,M,Medellín,5586.94
39,16,50.2,2,1,4,F,Bogotá,6823.42
43,24,29.4,3,21,2,F,Medellín,8304.91
60,7,39.1,2,1,5,F,Medellín,6452.92
56,4,41.1,2,19,7,F,Barranquilla,9266.79
44,4,33.5,1,11,9,F,Medellín,8162.08
46,34,39.4,4,15,2,F,Medellín,9959.87
64,18,44.5,4,16,4,F,Cali,9354.48
55,22,36.3,1,3,8,F,Medellín,8708.63
37,8,46.1,4,13,9,F,Barranquilla,10321.64
44,29,43.1,3,6,9,F,Medellín,10132.61
58,15,35.3,1,14,2,F,Barranquilla,6705.98
37,32,49.0,2,15,1,M,Cali,7666.42
61,1,34.1,3,7,7,F,Barranquilla,8249.49
36,13,46.8,3,1,6,M,Cali,6912.69
37,0,34.2,4,18,8,M,Cali,9689.83
52,25,37.5,2,0,3,F,Cali,6430.33
64,24,38.7,2,22,2,F,Cali,10527.46
19,15,42.7,5,3,9,F,Cali,9601.5
47,14,20.7,2,23,4,F,Barranquilla,8471.88
51,25,43.7,3,20,0,M,Cali,9577.38
39,15,39.2,1,24,4,M,Cali,7514.05
20,13,42.3,2,21,2,F,Cali,6685.7
23,28,44.0,2,10,0,M,Cali,7428.84
32,23,43.2,2,9,2,F,Cali,6835.87
44,14,23.9,2,17,4,F,Bogotá,8111.07
27,18,31.5,2,0,4,F,Medellín,6018.58
26,7,42.7,3,16,9,M,Medellín,9092.5
50,33,41.6,3,15,7,M,Cali,11137.76
49,1,33.7,1,11,0,M,Cali,5866.94
65,26,45.9,4,15,6,F,Bogotá,11075.11
23,9,37.9,2,8,4,M,Cali,6369.34
58,34,47.1,2,16,2,F,Bogotá,9694.84
53,22,49.7,3,2,3,F,Medellín,8510.29
19,7,42.2,3,17,2,M,Barranquilla,8580.32
46,27,44.4,3,14,7,F,Medellín,10655.73
21,22,35.1,1,14,3,F,Barranquilla,7489.47
18,3,47.1,4,15,2,F,Barranquilla,6922.62
36,13,41.7,3,19,1,F,Barranquilla,8239.88
43,28,37.6,1,0,2,M,Cali,5963.01
42,0,30.2,2,0,6,F,Bogotá,4710.3
27,3,36.1,4,3,5,F,Barranquilla,6159.54
32,31,31.1,3,12,9,F,Bogotá,11418.2
39,32,46.1,1,3,4,M,Medellín,7318.7
68,25,49.8,2,22,7,F,Barranquilla,12285.73
65,16,47.3,2,7,0,F,Medellín,6176.8
38,38,59.9,3,12,2,M,Bogotá,9839.67
39,22,36.3,4,23,1,F,Bogotá,10316.06
53,31,44.8,2,7,1,M,Medellín,8634.73
51,14,30.5,2,13,0,F,Bogotá,6046.1
47,12,38.4,4,24,4,M,Medellín,8918.38
42,1,28.2,3,0,4,F,Bogotá,5848.54
62,18,44.5,3,8,2,M,Cali,7574.89
45,23,37.2,2,23,8,M,Medellín,10890.56
18,23,23.6,3,0,5,F,Barranquilla,7792.64
66,10,34.5,3,6,9,F,Barranquilla,7962.62
62,21,54.3,2,24,5,M,Barranquilla,10006.74
21,14,43.3,5,19,9,F,Bogotá,8753.55
24,9,46.2,4,12,5,F,Medellín,8593.88
66,26,41.0,3,14,1,M,Bogotá,10929.33
26,8,38.5,3,8,9,M,Barranquilla,6630.02
53,27,40.1,3,15,9,F,Cali,11681.67
36,0,42.0,2,16,7,F,Barranquilla,8418.36
